14/11/1952,HERE IN MY HEART,AL MARTINO,9
16/01/1953,YOU BELONG TO ME,JO STAFFORD,1
23/01/1953,COMES A-LONG A-LOVE,KAY STARR,1
30/01/1953,OUTSIDE OF HEAVEN,EDDIE FISHER,1
06/02/1953,DON'T LET THE STARS GET IN YOUR EYES,PERRY COMO WITH THE RAMBLERS,5
13/03/1953,SHE WEARS RED FEATHERS,GUY MITCHELL,4
10/04/1953,BROKEN WINGS,STARGAZERS,1
17/04/1953,(HOW MUCH IS) THAT DOGGIE IN THE WINDOW,LITA ROZA,1
24/04/1953,I BELIEVE,FRANKIE LAINE,9
26/06/1953,I'M WALKING BEHIND YOU,EDDIE FISHER WITH SALLY SWEETLAND,1
03/07/1953,I BELIEVE,FRANKIE LAINE,6
14/08/1953,THE SONG FROM MOULIN ROUGE,MANTOVANI,1
21/08/1953,I BELIEVE,FRANKIE LAINE,3
11/09/1953,LOOK AT THAT GIRL,GUY MITCHELL,6
23/10/1953,HEY JOE,FRANKIE LAINE,2
06/11/1953,ANSWER ME,DAVID WHITFIELD,1
13/11/1953,ANSWER ME,FRANKIE LAINE,8
11/12/1953,ANSWER ME,DAVID WHITFIELD,1
08/01/1954,OH MEIN PAPA,EDDIE CALVERT,9
12/03/1954,I SEE THE MOON,STARGAZERS,5
16/04/1954,SECRET LOVE,DORIS DAY,1
23/04/1954,I SEE THE MOON,STARGAZERS,1
30/04/1954,SUCH A NIGHT,JOHNNIE RAY,1
08/05/1954,SECRET LOVE,DORIS DAY,8
02/07/1954,CARA MIA,DAVID WHITFIELD, WITH CHORUS AND MANTOVANI AND HIS ORCHESTRA,10
10/09/1954,LITTLE THINGS MEAN A LOT,KITTY KALLEN,1
17/09/1954,THREE COINS IN THE FOUNTAIN,FRANK SINATRA,3
08/10/1954,HOLD MY HAND,DON CORNELL,4
05/11/1954,MY SON MY SON,VERA LYNN,2
19/11/1954,HOLD MY HAND,DON CORNELL,1
26/11/1954,THIS OLE HOUSE,ROSEMARY CLOONEY,1
03/12/1954,LET'S HAVE ANOTHER PARTY,WINIFRED ATWELL,5
07/01/1955,FINGER OF SUSPICION,DICKIE VALENTINE WITH THE STARGAZERS,1
14/01/1955,MAMBO ITALIANO,ROSEMARY CLOONEY WITH THE MELLOMEN,1
21/01/1955,FINGER OF SUSPICION,DICKIE VALENTINE WITH THE STARGAZERS,2
04/02/1955,MAMBO ITALIANO,ROSEMARY CLOONEY WITH THE MELLOMEN,2
18/02/1955,SOFTLY, SOFTLY,RUBY MURRAY,3
11/03/1955,GIVE ME YOUR WORD,TENNESSEE ERNIE FORD,7
29/04/1955,CHERRY PINK AND APPLE BLOSSOM WHITE,PEREZ 'PREZ' PRADO & HIS ORCHESTRA, THE KING OF THE MAMBO,2
13/05/1955,STRANGER IN PARADISE,TONY BENNETT,2
27/05/1955,CHERRY PINK AND APPLE BLOSSOM WHITE,EDDIE CALVERT,4
24/06/1955,UNCHAINED MELODY,JIMMY YOUNG,3
15/07/1955,DREAMBOAT,ALMA COGAN,2
29/07/1955,ROSE MARIE,SLIM WHITMAN,11
14/10/1955,THE MAN FROM LARAMIE,JIMMY YOUNG,4
11/11/1955,HERNANDO'S HIDEAWAY,JOHNSTON BROTHERS,2
25/11/1955,ROCK AROUND THE CLOCK,BILL HALEY & HIS COMETS,3
16/12/1955,CHRISTMAS ALPHABET,DICKIE VALENTINE,3
06/01/1956,ROCK AROUND THE CLOCK,BILL HALEY & HIS COMETS,3
20/01/1956,SIXTEEN TONS,TENNESSEE ERNIE FORD,2
17/02/1956,MEMORIES ARE MADE OF THIS,DEAN MARTIN,4
16/03/1956,IT'S ALMOST TOMORROW,DREAM WEAVERS,2
30/03/1956,ROCK AND ROLL WALTZ,KAY STARR,2
06/04/1956,IT'S ALMOST TOMORROW,DREAM WEAVERS,1
13/04/1956,POOR PEOPLE OF PARIS,WINIFRED ATWELL,3
04/05/1956,NO OTHER LOVE,RONNIE HILTON,6
15/06/1956,I'LL BE HOME,PAT BOONE,5
20/07/1956,WHY DO FOOLS FALL IN LOVE,TEENAGERS FEATURING FRANKIE LYMON,3
10/08/1956,WHATEVER WILL BE WILL BE,DORIS DAY,6
21/09/1956,LAY DOWN YOUR ARMS,ANNE SHELTON,4
19/10/1956,A WOMAN IN LOVE,FRANKIE LAINE,4
16/11/1956,JUST WALKIN' IN THE RAIN,JOHNNIE RAY,7
04/01/1957,SINGING THE BLUES,GUY MITCHELL,1
11/01/1957,SINGING THE BLUES,TOMMY STEELE & THE STEELMEN,1
18/01/1957,SINGING THE BLUES,GUY MITCHELL,1
25/01/1957,THE GARDEN OF EDEN,FRANKIE VAUGHAN,4
01/02/1957,SINGING THE BLUES,GUY MITCHELL,1
22/02/1957,YOUNG LOVE,TAB HUNTER,7
12/04/1957,CUMBERLAND GAP,LONNIE DONEGAN,5
17/05/1957,ROCK-A-BILLY,GUY MITCHELL,1
24/05/1957,BUTTERFLY,ANDY WILLIAMS,2
07/06/1957,YES TONIGHT JOSEPHINE,JOHNNIE RAY,3
28/06/1957,GAMBLIN' MAN/PUTTING ON THE STYLE,LONNIE DONEGAN,2
12/07/1957,ALL SHOOK UP,ELVIS PRESLEY WITH THE JORDANAIRES,7
30/08/1957,DIANA,PAUL ANKA,9
01/11/1957,THAT'LL BE THE DAY,CRICKETS,3
22/11/1957,MARY'S BOY CHILD,HARRY BELAFONTE,7
10/01/1958,GREAT BALLS OF FIRE,JERRY LEE LEWIS,2
24/01/1958,JAILHOUSE ROCK,ELVIS PRESLEY,3
14/02/1958,THE STORY OF MY LIFE,MICHAEL HOLLIDAY,2
28/02/1958,MAGIC MOMENTS,PERRY COMO,8
25/04/1958,WHOLE LOTTA WOMAN,MARVIN RAINWATER,3
16/05/1958,WHO'S SORRY NOW,CONNIE FRANCIS,6
27/06/1958,ON THE STREET WHERE YOU LIVE,VIC DAMONE,2
04/07/1958,ALL I HAVE TO DO IS DREAM/CLAUDETTE,EVERLY BROTHERS,7
22/08/1958,WHEN,KALIN TWINS,5
26/09/1958,CAROLINA MOON/STUPID CUPID,CONNIE FRANCIS,6
07/11/1958,IT'S ALL IN THE GAME,TOMMY EDWARDS,3
28/11/1958,HOOTS MON,LORD ROCKINGHAM'S XI,3
19/12/1958,IT'S ONLY MAKE BELIEVE,CONWAY TWITTY,5
23/01/1959,THE DAYS THE RAINS CAME,JANE MORGAN,1
30/01/1959,ONE NIGHT/I GOT STUNG,ELVIS PRESLEY,3
20/02/1959,AS I LOVE YOU,SHIRLEY BASSEY,4
20/03/1959,SMOKE GETS IN YOUR EYES,PLATTERS,1
27/03/1959,SIDE SADDLE,RUSS CONWAY,4
24/04/1959,IT DOESN'T MATTER ANYMORE,BUDDY HOLLY,3
15/05/1959,A FOOL SUCH AS I/I NEED YOUR LOVE TONIGHT,ELVIS PRESLEY,5
19/06/1959,ROULETTE,RUSS CONWAY,2
03/07/1959,DREAM LOVER,BOBBY DARIN,4
31/07/1959,LIVING DOLL,CLIFF RICHARD & THE SHADOWS,6
11/09/1959,ONLY SIXTEEN,CRAIG DOUGLAS,4
09/10/1959,HERE COMES SUMMER,JERRY KELLER,1
16/10/1959,MACK THE KNIFE,BOBBY DARIN,2
30/10/1959,TRAVELLIN' LIGHT,CLIFF RICHARD & THE SHADOWS,5
04/12/1959,WHAT DO YOU WANT,ADAM FAITH,3
18/12/1959,WHAT DO YOU WANT TO MAKE THOSE EYES AT ME FOR,EMILE FORD & THE CHECKMATES,6
29/01/1960,STARRY EYED,MICHAEL HOLLIDAY WITH THE MICHAEL SAMMES SINGERS,1
05/02/1960,WHY,ANTHONY NEWLEY,4
10/03/1960,POOR ME,ADAM FAITH,1
17/03/1960,RUNNING BEAR,JOHNNY PRESTON,2
31/03/1960,MY OLD MAN'S A DUSTMAN,LONNIE DONEGAN,4
28/04/1960,DO YOU MIND,ANTHONY NEWLEY,1
05/05/1960,CATHY'S CLOWN,EVERLY BROTHERS,7
23/06/1960,THREE STEPS TO HEAVEN,EDDIE COCHRAN,2
07/07/1960,GOOD TIMIN',JIMMY JONES,3
28/07/1960,PLEASE DON'T TEASE,CLIFF RICHARD & THE SHADOWS,1
04/08/1960,SHAKIN' ALL OVER,JOHNNY KIDD & THE PIRATES,1
11/08/1960,PLEASE DON'T TEASE,CLIFF RICHARD & THE SHADOWS,2
25/08/1960,APACHE,SHADOWS,5
29/09/1960,TELL LAURA I LOVE HER,RICKY VALANCE,3
20/10/1960,ONLY THE LONELY,ROY ORBISON,2
03/11/1960,IT'S NOW OR NEVER,ELVIS PRESLEY WITH THE JORDANAIRES,8
29/12/1960,I LOVE YOU,CLIFF RICHARD & THE SHADOWS,2
12/01/1961,POETRY IN MOTION,JOHNNY TILLOTSON,2
26/01/1961,ARE YOU LONESOME TONIGHT,ELVIS PRESLEY WITH THE JORDANAIRES,4
23/02/1961,SAILOR,PETULA CLARK,1
02/03/1961,WALK RIGHT BACK/EBONY EYES,EVERLY BROTHERS,3
23/03/1961,WOODEN HEART,ELVIS PRESLEY,6
04/05/1961,BLUE MOON,MARCELS,2
18/05/1961,ON THE REBOUND,FLOYD CRAMER,1
25/05/1961,YOU'RE DRIVING ME CRAZY,TEMPERANCE SEVEN,1
01/06/1961,SURRENDER,ELVIS PRESLEY WITH THE JORDANAIRES,4
29/06/1961,RUNAWAY,DEL SHANNON,3
20/07/1961,TEMPTATION,EVERLY BROTHERS,2
03/08/1961,WELL I ASK YOU,EDEN KANE,1
10/08/1961,YOU DON'T KNOW,HELEN SHAPIRO,3
31/08/1961,JOHNNY REMEMBER ME,JOHN LEYTON,3
21/09/1961,REACH FOR THE STARS/CLIMB EV'RY MOUNTAIN,SHIRLEY BASSEY,1
28/09/1961,JOHNNY REMEMBER ME,JOHN LEYTON,1
05/10/1961,KON-TIKI,SHADOWS,1
12/10/1961,MICHAEL,HIGHWAYMEN,1
19/10/1961,WALKIN' BACK TO HAPPINESS,HELEN SHAPIRO,3
09/11/1961,(MARIE'S THE NAME) HIS LATEST FLAME/LITTLE SISTER,ELVIS PRESLEY,4
07/12/1961,TOWER OF STRENGTH,FRANKIE VAUGHAN,3
28/12/1961,MOON RIVER,DANNY WILLIAMS,2
11/01/1962,THE YOUNG ONES,CLIFF RICHARD & THE SHADOWS,6
22/02/1962,ROCK A HULA BABY/CAN'T HELP FALLING IN LOVE,ELVIS PRESLEY,4
22/03/1962,WONDERFUL LAND,SHADOWS,8
17/05/1962,NUT ROCKER,B.BUMBLE & THE STINGERS,1
24/05/1962,GOOD LUCK CHARM,ELVIS PRESLEY,5
28/06/1962,COME OUTSIDE,MIKE SARNE WITH WENDY RICHARD,2
12/07/1962,I CAN'T STOP LOVING YOU,RAY CHARLES,2
26/07/1962,I REMEMBER YOU,FRANK IFIELD,7
13/09/1962,SHE'S NOT YOU,ELVIS PRESLEY,3
04/10/1962,TELSTAR,TORNADOS,5
08/11/1962,LOVESICK BLUES,FRANK IFIELD,5
13/12/1962,RETURN TO SENDER,ELVIS PRESLEY WITH THE JORDANAIRES,3
03/01/1963,THE NEXT TIME/BACHELOR BOY,CLIFF RICHARD & THE SHADOWS,3
24/01/1963,DANCE ON!,SHADOWS,1
31/01/1963,DIAMONDS,JET HARRIS & TONY MEEHAN,3
21/02/1963,THE WAYWARD WIND,FRANK IFIELD,3
14/03/1963,SUMMER HOLIDAY,CLIFF RICHARD & THE SHADOWS,2
29/03/1963,FOOT TAPPER,SHADOWS,1
04/04/1963,SUMMER HOLIDAY,CLIFF RICHARD & THE SHADOWS,1
11/04/1963,HOW DO YOU DO IT?,GERRY & THE PACEMAKERS,3
02/05/1963,FROM ME TO YOU,BEATLES,7
20/06/1963,I LIKE IT,GERRY & THE PACEMAKERS,4
18/07/1963,CONFESSIN' (THAT I LOVE YOU),FRANK IFIELD,2
01/08/1963,(YOU'RE THE) DEVIL IN DISGUISE,ELVIS PRESLEY WITH THE JORDANAIRES,1
08/08/1963,SWEETS FOR MY SWEET,SEARCHERS,2
22/08/1963,BAD TO ME,BILLY J. KRAMER & THE DAKOTAS,3
12/09/1963,SHE LOVES YOU,BEATLES,4
10/10/1963,DO YOU LOVE ME,BRIAN POOLE & THE TREMELOES,3
31/10/1963,YOU'LL NEVER WALK ALONE,GERRY & THE PACEMAKERS,4
28/11/1963,SHE LOVES YOU,BEATLES,2
12/12/1963,I WANT TO HOLD YOUR HAND,BEATLES,5
16/01/1964,GLAD ALL OVER,DAVE CLARK FIVE,2
30/01/1964,NEEDLES AND PINS,SEARCHERS,3
20/02/1964,DIANE,BACHELORS,1
27/02/1964,ANYONE WHO HAD A HEART,CILLA BLACK,3
19/03/1964,LITTLE CHILDREN,BILLY J. KRAMER & THE DAKOTAS,2
02/04/1964,CAN'T BUY ME LOVE,BEATLES,3
23/04/1964,A WORLD WITHOUT LOVE,PETER & GORDON,2
07/05/1964,DON'T THROW YOUR LOVE AWAY,SEARCHERS,2
21/05/1964,JULIET,FOUR PENNIES,1
28/05/1964,YOU'RE MY WORLD,CILLA BLACK,4
25/06/1964,IT'S OVER,ROY ORBISON,2
09/07/1964,THE HOUSE OF THE RISING SUN,ANIMALS,1
16/07/1964,IT'S ALL OVER NOW,ROLLING STONES,1
23/07/1964,A HARD DAY'S NIGHT,BEATLES,3
13/08/1964,DO WAH DIDDY DIDDY,MANFRED MANN,2
27/08/1964,HAVE I THE RIGHT,HONEYCOMBS,2
10/09/1964,YOU REALLY GOT ME,KINKS,2
24/09/1964,I'M INTO SOMETHING GOOD,HERMAN'S HERMITS,2
08/10/1964,OH PRETTY WOMAN,ROY ORBISON,2
22/10/1964,(THERE'S) ALWAYS SOMETHING THERE TO REMIND ME,SANDIE SHAW,3
12/11/1964,OH PRETTY WOMAN,ROY ORBISON,1
19/11/1964,BABY LOVE,SUPREMES,2
03/12/1964,LITTLE RED ROOSTER,ROLLING STONES,1
10/12/1964,I FEEL FINE,BEATLES,5
14/01/1965,YEH YEH,GEORGIE FAME & THE BLUE FLAMES,2
28/01/1965,GO NOW,MOODY BLUES,1
04/02/1965,YOU'VE LOST THAT LOVING FEELIN',RIGHTEOUS BROTHERS,2
18/02/1965,TIRED OF WAITING FOR YOU,KINKS,1
25/02/1965,I'LL NEVER FIND ANOTHER YOU,SEEKERS,2
11/03/1965,IT'S NOT UNUSUAL,TOM JONES,1
18/03/1965,THE LAST TIME,ROLLING STONES,3
08/04/1965,CONCRETE AND CLAY,UNIT FOUR PLUS TWO,1
15/04/1965,THE MINUTE YOU'RE GONE,CLIFF RICHARD,1
22/04/1965,TICKET TO RIDE,BEATLES,3
13/05/1965,KING OF THE ROAD,ROGER MILLER,1
20/05/1965,WHERE ARE YOU NOW (MY LOVE),JACKIE TRENT,1
27/05/1965,LONG LIVE LOVE,SANDIE SHAW,3
17/06/1965,CRYING IN THE CHAPEL,ELVIS PRESLEY,1
24/06/1965,I'M ALIVE,HOLLIES,1
01/07/1965,CRYING IN THE CHAPEL,ELVIS PRESLEY,1
08/07/1965,I'M ALIVE,HOLLIES,2
22/07/1965,MR TAMBOURINE MAN,BYRDS,2
05/08/1965,HELP!,BEATLES,3
26/08/1965,I GOT YOU BABE,SONNY & CHER,2
09/09/1965,(I CAN'T GET NO) SATISFACTION,ROLLING STONES,2
23/09/1965,MAKE IT EASY ON YOURSELF,WALKER BROTHERS,1
30/09/1965,TEARS,KEN DODD,5
04/11/1965,GET OFF OF MY CLOUD,ROLLING STONES,3
25/11/1965,THE CARNIVAL IS OVER,SEEKERS,3
16/12/1965,DAY TRIPPER/WE CAN WORK IT OUT,BEATLES,5
20/01/1966,KEEP ON RUNNING,SPENCER DAVIS GROUP,1
27/01/1966,MICHELLE,OVERLANDERS,3
17/02/1966,THESE BOOTS ARE MADE FOR WALKIN',NANCY SINATRA,4
17/03/1966,THE SUN AIN'T GONNA SHINE ANYMORE,WALKER BROTHERS,4
14/04/1966,SOMEBODY HELP ME,SPENCER DAVIS GROUP,2
28/04/1966,YOU DON'T HAVE TO SAY YOU LOVE ME,DUSTY SPRINGFIELD,1
05/05/1966,PRETTY FLAMINGO,MANFRED MANN,3
26/05/1966,PAINT IT, BLACK,ROLLING STONES,1
02/06/1966,STRANGERS IN THE NIGHT,FRANK SINATRA,3
23/06/1966,PAPERBACK WRITER,BEATLES,2
07/07/1966,SUNNY AFTERNOON,KINKS,2
21/07/1966,GET AWAY,GEORGIE FAME & THE BLUE FLAMES,1
28/07/1966,OUT OF TIME,CHRIS FARLOWE,1
04/08/1966,WITH A GIRL LIKE YOU,TROGGS,2
18/08/1966,YELLOW SUBMARINE/ELEANOR RIGBY,BEATLES,4
15/09/1966,ALL OR NOTHING,SMALL FACES,1
22/09/1966,DISTANT DRUMS,JIM REEVES,5
27/10/1966,REACH OUT I'LL BE THERE,FOUR TOPS,3
17/11/1966,GOOD VIBRATIONS,BEACH BOYS,2
01/12/1966,GREEN GREEN GRASS OF HOME,TOM JONES,7
19/01/1967,I'M A BELIEVER,MONKEES,4
16/02/1967,THIS IS MY SONG,PETULA CLARK,2
02/03/1967,RELEASE ME,ENGELBERT HUMPERDINCK,6
13/04/1967,SOMETHIN' STUPID,NANCY SINATRA & FRANK SINATRA,2
27/04/1967,PUPPET ON A STRING,SANDIE SHAW,3
18/05/1967,SILENCE IS GOLDEN,TREMELOES,3
08/06/1967,A WHITER SHADE OF PALE,PROCOL HARUM,6
19/07/1967,ALL YOU NEED IS LOVE,BEATLES,3
09/08/1967,SAN FRANCISCO (BE SURE TO WEAR SOME FLOWERS IN YOUR HAIR),SCOTT MCKENZIE,4
06/09/1967,THE LAST WALTZ,ENGELBERT HUMPERDINCK,5
11/10/1967,MASSACHUSETTS,BEE GEES,4
08/11/1967,BABY NOW THAT I'VE FOUND YOU,FOUNDATIONS,2
22/11/1967,LET THE HEARTACHES BEGIN,LONG JOHN BALDRY,2
06/12/1967,HELLO GOODBYE,BEATLES,7
24/01/1968,THE BALLAD OF BONNIE AND CLYDE,GEORGIE FAME,1
31/01/1968,EVERLASTING LOVE,LOVE AFFAIR,2
14/02/1968,MIGHTY QUINN,MANFRED MANN,2
28/02/1968,CINDERELLA ROCKEFELLA,ESTHER & ABI OFARIM,3
20/03/1968,THE LEGEND OF XANADU,DAVE DEE, DOZY, BEAKY, MICK & TICH,1
27/03/1968,LADY MADONNA,BEATLES,2
10/04/1968,CONGRATULATIONS,CLIFF RICHARD,2
24/04/1968,WHAT A WONDERFUL WORLD/CABARET,LOUIS ARMSTRONG,4
22/05/1968,YOUNG GIRL,UNION GAP FEATURING GARY PUCKETT,4
19/06/1968,JUMPIN' JACK FLASH,ROLLING STONES,2
03/07/1968,BABY COME BACK,EQUALS,3
24/07/1968,I PRETEND,DES O'CONNOR,1
31/07/1968,MONY MONY,TOMMY JAMES & THE SHONDELLS,2
14/08/1968,FIRE,CRAZY WORLD OF ARTHUR BROWN,1
21/08/1968,MONY MONY,TOMMY JAMES & THE SHONDELLS,1
28/08/1968,DO IT AGAIN,BEACH BOYS,1
04/09/1968,I'VE GOTTA GET A MESSAGE TO YOU,BEE GEES,1
11/09/1968,HEY JUDE,BEATLES,2
25/09/1968,THOSE WERE THE DAYS,MARY HOPKIN,6
06/11/1968,WITH A LITTLE HELP FROM MY FRIENDS,JOE COCKER,1
13/11/1968,THE GOOD THE BAD AND THE UGLY,HUGO MONTENEGRO & HIS ORCHESTRA & CHORUS,4
11/12/1968,LILY THE PINK,SCAFFOLD,3
01/01/1969,OB-LA-DI OB-LA-DA,MARMALADE,1
08/01/1969,LILY THE PINK,SCAFFOLD,1
15/01/1969,OB-LA-DI OB-LA-DA,MARMALADE,2
29/01/1969,ALBATROSS,FLEETWOOD MAC,1
05/02/1969,BLACKBERRY WAY,MOVE,1
12/02/1969,(IF PARADISE IS) HALF AS NICE,AMEN CORNER,2
26/02/1969,WHERE DO YOU GO TO MY LOVELY,PETER SARSTEDT,4
26/03/1969,I HEARD IT THROUGH THE GRAPEVINE,MARVIN GAYE,3
16/04/1969,ISRAELITES,DESMOND DEKKER & THE ACES,1
23/04/1969,GET BACK,BEATLES WITH BILLY PRESTON,6
04/06/1969,DIZZY,TOMMY ROE,1
11/06/1969,THE BALLAD OF JOHN AND YOKO,BEATLES,3
02/07/1969,SOMETHING IN THE AIR,THUNDERCLAP NEWMAN,3
23/07/1969,HONKY TONK WOMEN,ROLLING STONES,5
30/08/1969,IN THE YEAR 2525 (EXORIUM AND TERMINUS),ZAGER & EVANS,3
20/09/1969,BAD MOON RISING,CREEDENCE CLEARWATER REVIVAL,3
11/10/1969,JE T'AIME... MOI NON PLUS,JANE BIRKIN & SERGE GAINSBOURG,1
18/10/1969,I'LL NEVER FALL IN LOVE AGAIN,BOBBY GENTRY,1
25/10/1969,SUGAR SUGAR,ARCHIES,8
20/12/1969,TWO LITTLE BOYS,ROLF HARRIS,6
31/01/1970,LOVE GROWS (WHERE MY ROSEMARY GOES),EDISON LIGHTHOUSE,5
07/03/1970,WANDRIN' STAR,LEE MARVIN,3
28/03/1970,BRIDGE OVER TROUBLED WATER,SIMON & GARFUNKEL,3
18/04/1970,ALL KINDS OF EVERYTHING,DANA,2
02/05/1970,SPIRIT IN THE SKY,NORMAN GREENBAUM,2
16/05/1970,BACK HOME,ENGLAND WORLD CUP SQUAD,3
06/06/1970,YELLOW RIVER,CHRISTIE,1
13/06/1970,IN THE SUMMERTIME,MUNGO JERRY,7
01/08/1970,THE WONDER OF YOU,ELVIS PRESLEY,6
12/09/1970,TEARS OF A CLOWN,SMOKEY ROBINSON & THE MIRACLES,1
19/09/1970,BAND OF GOLD,FREDA PAYNE,6
31/10/1970,WOODSTOCK,MATTHEW'S SOUTHERN COMFORT,3
21/11/1970,VOODOO CHILE,JIMI HENDRIX EXPERIENCE,1
28/11/1970,I HEAR YOU KNOCKING,DAVE EDMUNDS,6
09/01/1971,GRANDAD,CLIVE DUNN,3
30/01/1971,MY SWEET LORD,GEORGE HARRISON,5
06/03/1971,BABY JUMP,MUNGO JERRY,2
20/03/1971,HOT LOVE,T REX,6
01/05/1971,DOUBLE BARREL,DAVE & ANSIL COLLINS,2
15/05/1971,KNOCK THREE TIMES,DAWN,5
19/06/1971,CHIRPY CHIRPY CHEEP CHEEP,MIDDLE OF THE ROAD,5
24/07/1971,GET IT ON,T REX,4
21/08/1971,I'M STILL WAITING,DIANA ROSS,4
18/09/1971,HEY GIRL DON'T BOTHER ME,TAMS,3
09/10/1971,REASON TO BELIEVE/MAGGIE MAY,ROD STEWART,5
13/11/1971,COZ I LUV YOU,SLADE,4
11/12/1971,ERNIE (THE FASTEST MILKMAN IN THE WEST),BENNY HILL,4
08/01/1972,I'D LIKE TO TEACH THE WORLD TO SING (IN PERFECT HARMONY),NEW SEEKERS,4
05/02/1972,TELEGRAM SAM,T REX,2
19/02/1972,SON OF MY FATHER,CHICORY TIP,3
11/03/1972,WITHOUT YOU,NILSSON,5
15/04/1972,AMAZING GRACE,THE PIPES & DRUMS & MILITARY BAND OF THE ROYAL SCOTS DRAGOON GUARDS,5
20/05/1972,METAL GURU,T REX,4
17/06/1972,VINCENT,DON MCLEAN,2
01/07/1972,TAKE ME BACK 'OME,SLADE,1
08/07/1972,PUPPY LOVE,DONNY OSMOND,5
12/08/1972,SCHOOL'S OUT,ALICE COOPER,3
02/09/1972,YOU WEAR IT WELL,ROD STEWART,1
09/09/1972,MAMA WEER ALL CRAZEE NOW,SLADE,3
30/09/1972,HOW CAN I BE SURE,DAVID CASSIDY,2
14/10/1972,MOULDY OLD DOUGH,LIEUTENANT PIGEON,4
11/11/1972,CLAIR,GILBERT O'SULLIVAN,2
25/11/1972,MY DING-A-LING,CHUCK BERRY,4
23/12/1972,LONG HAIRED LOVER FROM LIVERPOOL,LITTLE JIMMY OSMOND,5
27/01/1973,BLOCKBUSTER,SWEET,5
03/03/1973,CUM ON FEEL THE NOIZE,SLADE,4
31/03/1973,THE TWELFTH OF NEVER,DONNY OSMOND,1
07/04/1973,GET DOWN,GILBERT O'SULLIVAN,2
21/04/1973,TIE A YELLOW RIBBON ROUND THE OLD OAK TREE,DAWN FEATURING TONY ORLANDO,4
19/05/1973,SEE MY BABY JIVE,WIZZARD,4
16/06/1973,CAN THE CAN,SUZI QUATRO,1
23/06/1973,RUBBER BULLETS,10 C.C.,1
30/06/1973,SKWEEZE ME PLEEZE ME,SLADE,3
21/07/1973,WELCOME HOME,PETERS & LEE,1
28/07/1973,I'M THE LEADER OF THE GANG (I AM),GARY GLITTER,4
25/08/1973,YOUNG LOVE,DONNY OSMOND,4
22/09/1973,ANGEL FINGERS,WIZZARD,1
29/09/1973,EYE LEVEL,SIMON PARK ORCHESTRA,4
27/10/1973,DAYDREAMER/THE PUPPY SONG,DAVID CASSIDY,3
17/11/1973,I LOVE YOU LOVE ME LOVE,GARY GLITTER,4
15/12/1973,MERRY XMAS EVERYBODY,SLADE,5
19/01/1974,YOU WON'T FIND ANOTHER FOOL LIKE ME,NEW SEEKERS,1
26/01/1974,TIGER FEET,MUD,4
23/02/1974,DEVIL GATE DRIVE,SUZI QUATRO,2
09/03/1974,JEALOUS MIND,ALVIN STARDUST,1
16/03/1974,BILLY, DON'T BE A HERO,PAPER LACE,3
06/04/1974,SEASONS IN THE SUN,TERRY JACKS,4
04/05/1974,WATERLOO,ABBA,2
18/05/1974,SUGAR BABY LOVE,RUBETTES,4
15/06/1974,THE STREAK,RAY STEVENS,1
22/06/1974,ALWAYS YOURS,GARY GLITTER,1
29/06/1974,SHE,CHARLES AZNAVOUR,4
27/07/1974,ROCK YOUR BABY,GEORGE MCCRAE,3
17/08/1974,WHEN WILL I SEE YOU AGAIN,THREE DEGREES,2
31/08/1974,LOVE ME FOR A REASON,OSMONDS,3
21/09/1974,KUNG FU FIGHTING,CARL DOUGLAS,3
12/10/1974,ANNIE'S SONG,JOHN DENVER,1
19/10/1974,SAD SWEET DREAMER,SWEET SENSATION,1
26/10/1974,EVERYTHING I OWN,KEN BOOTHE,3
16/11/1974,GONNA MAKE YOU A STAR,DAVID ESSEX,3
07/12/1974,YOU'RE THE FIRST THE LAST MY EVERYTHING,BARRY WHITE,2
21/12/1974,LONELY THIS CHRISTMAS,MUD,4
18/01/1975,DOWN DOWN,STATUS QUO,1
25/01/1975,MS GRACE,TYMES,1
01/02/1975,JANUARY,PILOT,3
22/02/1975,MAKE ME SMILE (COME UP AND SEE ME),STEVE HARLEY & COCKNEY REBEL,2
08/03/1975,IF,TELLY SAVALAS,2
22/03/1975,BYE BYE BABY,BAY CITY ROLLERS,6
03/05/1975,OH BOY,MUD,2
17/05/1975,STAND BY YOUR MAN,TAMMY WYNETTE,3
07/06/1975,WHISPERING GRASS,WINDSOR DAVIES & DON ESTELLE,3
28/06/1975,I'M NOT IN LOVE,10 C.C.,2
12/07/1975,TEARS ON MY PILLOW,JOHNNY NASH,1
19/07/1975,GIVE A LITTLE LOVE,BAY CITY ROLLERS,3
09/08/1975,BARBADOS,TYPICALLY TROPICAL,1
16/08/1975,CAN'T GIVE YOU ANYTHING (BUT MY LOVE),STYLISTICS,3
06/09/1975,SAILING,ROD STEWART,4
04/10/1975,HOLD ME CLOSE,DAVID ESSEX,3
25/10/1975,I ONLY HAVE EYES FOR YOU,ART GARFUNKEL,2
08/11/1975,SPACE ODDITY,DAVID BOWIE,2
22/11/1975,D.I.V.O.R.C.E.,BILLY CONNOLLY,1
29/11/1975,BOHEMIAN RHAPSODY,QUEEN,9
31/01/1976,MAMMA MIA,ABBA,2
14/02/1976,FOREVER AND EVER,SLIK,1
21/02/1976,DECEMBER '63 (OH WHAT A NIGHT),FOUR SEASONS,2
06/03/1976,I LOVE TO LOVE (BUT MY BABY LOVES TO DANCE),TINA CHARLES,3
27/03/1976,SAVE YOUR KISSES FOR ME,BROTHERHOOD OF MAN,6
08/05/1976,FERNANDO,ABBA,4
05/06/1976,NO CHARGE,J.J. BARRIE,1
12/06/1976,COMBINE HARVESTER (BRAND NEW KEY),WURZELS,2
26/06/1976,YOU TO ME ARE EVERYTHING,REAL THING,3
17/07/1976,THE ROUSSOS PHENOMENON EP,DEMIS ROUSSOS,1
24/07/1976,DON'T GO BREAKING MY HEART,ELTON JOHN & KIKI DEE,6
04/09/1976,DANCING QUEEN,ABBA,6
16/10/1976,MISSISSIPPI,PUSSYCAT,4
13/11/1976,IF YOU LEAVE ME NOW,CHICAGO,3
04/12/1976,UNDER THE MOON OF LOVE,SHOWADDYWADDY,3
25/12/1976,WHEN A CHILD IS BORN (SOLEADO),JOHNNY MATHIS,3
15/01/1977,DON'T GIVE UP ON US,DAVID SOUL,4
12/02/1977,DON'T CRY FOR ME ARGENTINA,JULIE COVINGTON,1
19/02/1977,WHEN I NEED YOU,LEO SAYER,3
12/03/1977,CHANSON D'AMOUR,MANHATTAN TRANSFER,3
02/04/1977,KNOWING ME KNOWING YOU,ABBA,5
07/05/1977,FREE,DENIECE WILLIAMS,2
21/05/1977,I DON'T WANT TO TALK ABOUT IT/FIRST CUT IS THE DEEPEST,ROD STEWART,4
18/06/1977,LUCILLE,KENNY ROGERS,1
25/06/1977,SHOW YOU THE WAY TO GO,JACKSONS,1
02/07/1977,SO YOU WIN AGAIN,HOT CHOCOLATE,3
23/07/1977,I FEEL LOVE,DONNA SUMMER,4
20/08/1977,ANGELO,BROTHERHOOD OF MAN,1
27/08/1977,FLOAT ON,FLOATERS,1
03/09/1977,WAY DOWN,ELVIS PRESLEY,5
08/10/1977,SILVER LADY,DAVID SOUL,3
29/10/1977,YES SIR I CAN BOOGIE,BACCARA,1
05/11/1977,THE NAME OF THE GAME,ABBA,4
03/12/1977,MULL OF KINTYRE/GIRLS' SCHOOL,WINGS,9
04/02/1978,UP TOWN TOP RANKING,ALTHIA & DONNA,1
11/02/1978,FIGARO,BROTHERHOOD OF MAN,1
18/02/1978,TAKE A CHANCE ON ME,ABBA,3
11/03/1978,WUTHERING HEIGHTS,KATE BUSH,4
08/04/1978,MATCHSTALK MEN AND MATCHSTALK CATS AND DOGS,BRIAN & MICHAEL,3
29/04/1978,NIGHT FEVER,BEE GEES,2
13/05/1978,RIVERS OF BABYLON/BROWN GIRL IN THE RING,BONEY M,5
17/06/1978,YOU'RE THE ONE THAT I WANT,JOHN TRAVOLTA & OLIVIA NEWTON-JOHN,9
19/08/1978,THREE TIMES A LADY,COMMODORES,5
23/09/1978,DREADLOCK HOLIDAY,10 C.C.,1
30/09/1978,SUMMER NIGHTS,JOHN TRAVOLTA & OLIVIA NEWTON-JOHN,7
18/11/1978,RAT TRAP,BOOMTOWN RATS,2
02/12/1978,DA YA THINK I'M SEXY,ROD STEWART,1
09/12/1978,MARY'S BOY CHILD - OH MY LORD,BONEY M,4
06/01/1979,Y.M.C.A.,VILLAGE PEOPLE,3
27/01/1979,HIT ME WITH YOUR RHYTHM STICK,IAN DURY & THE BLOCKHEADS,1
03/02/1979,HEART OF GLASS,BLONDIE,4
03/03/1979,TRAGEDY,BEE GEES,2
17/03/1979,I WILL SURVIVE,GLORIA GAYNOR,4
14/04/1979,BRIGHT EYES,ART GARFUNKEL,6
26/05/1979,SUNDAY GIRL,BLONDIE,3
16/06/1979,RING MY BELL,ANITA WARD,2
30/06/1979,ARE 'FRIENDS' ELECTRIC?,TUBEWAY ARMY,4
28/07/1979,I DON'T LIKE MONDAYS,BOOMTOWN RATS,4
25/08/1979,WE DON'T TALK ANYMORE,CLIFF RICHARD,4
22/09/1979,CARS,GARY NUMAN,1
29/09/1979,MESSAGE IN A BOTTLE,POLICE,3
20/10/1979,VIDEO KILLED THE RADIO STAR,BUGGLES,1
27/10/1979,ONE DAY AT A TIME,LENA MARTELL,3
17/11/1979,WHEN YOU'RE IN LOVE WITH A BEAUTIFUL WOMAN,DR HOOK,3
08/12/1979,WALKING ON THE MOON,POLICE,1
15/12/1979,ANOTHER BRICK IN THE WALL (PART 2),PINK FLOYD,5
19/01/1980,BRASS IN POCKET,PRETENDERS,2
02/02/1980,THE SPECIAL A.K.A. LIVE! EP,THE SPECIAL AKA,2
16/02/1980,COWARD OF THE COUNTY,KENNY ROGERS,2
01/03/1980,ATOMIC,BLONDIE,2
15/03/1980,TOGETHER WE ARE BEAUTIFUL,FERN KINNEY,1
22/03/1980,GOING UNDERGROUND/DREAMS OF CHILDREN,JAM,3
12/04/1980,WORKING MY WAY BACK TO YOU - FORGIVE ME GIRL (MEDLEY),DETROIT SPINNERS,2
26/04/1980,CALL ME,BLONDIE,1
03/05/1980,GENO,DEXY'S MIDNIGHT RUNNERS,2
17/05/1980,WHAT'S ANOTHER YEAR,JOHNNY LOGAN,2
31/05/1980,THEME FROM M*A*S*H (SUICIDE IS PAINLESS),MASH,3
21/06/1980,CRYING,DON MCLEAN,3
12/07/1980,XANADU,OLIVIA NEWTON-JOHN & ELECTRIC LIGHT ORCHESTRA,2
26/07/1980,USE IT UP AND WEAR IT OUT,ODYSSEY,2
09/08/1980,THE WINNER TAKES IT ALL,ABBA,2
23/08/1980,ASHES TO ASHES,DAVID BOWIE,2
06/09/1980,START,JAM,1
13/09/1980,FEELS LIKE I'M IN LOVE,KELLY MARIE,2
27/09/1980,DON'T STAND SO CLOSE TO ME,POLICE,4
25/10/1980,WOMAN IN LOVE,BARBRA STREISAND,3
15/11/1980,THE TIDE IS HIGH,BLONDIE,2
29/11/1980,SUPER TROUPER,ABBA,3
20/12/1980,(JUST LIKE) STARTING OVER,JOHN LENNON,1
27/12/1980,THERE'S NO ONE QUITE LIKE GRANDMA,ST WINIFRED'S SCHOOL CHOIR,2
10/01/1981,IMAGINE,JOHN LENNON,4
07/02/1981,WOMAN,JOHN LENNON,2
21/02/1981,SHADDAP YOU FACE,JOE DOLCE MUSIC THEATRE,3
14/03/1981,JEALOUS GUY,ROXY MUSIC,2
28/03/1981,THIS OLE HOUSE,SHAKIN' STEVENS,3
18/04/1981,MAKING YOUR MIND UP,BUCKS FIZZ,3
09/05/1981,STAND AND DELIVER,ADAM & THE ANTS,5
13/06/1981,BEING WITH YOU,SMOKEY ROBINSON,2
27/06/1981,ONE DAY IN YOUR LIFE,MICHAEL JACKSON,2
11/07/1981,GHOST TOWN,SPECIALS,3
01/08/1981,GREEN DOOR,SHAKIN' STEVENS,4
29/08/1981,JAPANESE BOY,ANEKA,1
05/09/1981,TAINTED LOVE,SOFT CELL,2
19/09/1981,PRINCE CHARMING,ADAM & THE ANTS,4
17/10/1981,IT'S MY PARTY,DAVE STEWART WITH BARBARA GASKIN,4
14/11/1981,EVERY LITTLE THING SHE DOES IS MAGIC,POLICE,1
21/11/1981,UNDER PRESSURE,QUEEN & DAVID BOWIE,2
05/12/1981,BEGIN THE BEGUINE (VOLVER A EMPEZAR),JULIO IGLESIAS,1
12/12/1981,DON'T YOU WANT ME,HUMAN LEAGUE,5
16/01/1982,THE LAND OF MAKE BELIEVE,BUCKS FIZZ,2
30/01/1982,OH JULIE,SHAKIN' STEVENS,1
06/02/1982,THE MODEL/COMPUTER LOVE,KRAFTWERK,1
13/02/1982,A TOWN CALLED MALICE/PRECIOUS,JAM,3
06/03/1982,THE LION SLEEPS TONIGHT,TIGHT FIT,3
27/03/1982,SEVEN TEARS,GOOMBAY DANCE BAND,3
17/04/1982,MY CAMERA NEVER LIES,BUCKS FIZZ,1
24/04/1982,EBONY AND IVORY,PAUL McCARTNEY & STEVIE WONDER,3
15/05/1982,A LITTLE PEACE,NICOLE,2
29/05/1982,HOUSE OF FUN,MADNESS,2
12/06/1982,GOODY TWO SHOES,ADAM ANT,2
26/06/1982,I'VE NEVER BEEN TO ME,CHARLENE,1
03/07/1982,HAPPY TALK,CAPTAIN SENSIBLE,2
17/07/1982,FAME,IRENE CARA,3
07/08/1982,COME ON EILEEN,DEXY'S MIDNIGHT RUNNERS WITH THE EMERALD EXPRESS,4
04/09/1982,EYE OF THE TIGER,SURVIVOR,4
02/10/1982,PASS THE DUTCHIE,MUSICAL YOUTH,3
23/10/1982,DO YOU REALLY WANT TO HURT ME,CULTURE CLUB,3
13/11/1982,I DON'T WANNA DANCE,EDDY GRANT,3
04/12/1982,BEAT SURRENDER,JAM,2
18/12/1982,SAVE YOUR LOVE,RENEE & RENATO,4
15/01/1983,YOU CAN'T HURRY LOVE,PHIL COLLINS,2
29/01/1983,DOWN UNDER,MEN AT WORK,3
19/02/1983,TOO SHY,KAJAGOOGOO,2
05/03/1983,BILLIE JEAN,MICHAEL JACKSON,1
12/03/1983,TOTAL ECLIPSE OF THE HEART,BONNIE TYLER,2
26/03/1983,IS THERE SOMETHING I SHOULD KNOW,DURAN DURAN,2
09/04/1983,LET'S DANCE,DAVID BOWIE,3
30/04/1983,TRUE.,SPANDAU BALLET,4
28/05/1983,CANDY GIRL,NEW EDITION,1
04/06/1983,EVERY BREATH YOU TAKE,POLICE,4
02/07/1983,BABY JANE,ROD STEWART,3
23/07/1983,WHEREVER I LAY MY HAT (THAT'S MY HOME),PAUL YOUNG,3
13/08/1983,GIVE IT UP,K C & THE SUNSHINE BAND,3
03/09/1983,RED RED WINE,UB 40,3
24/09/1983,KARMA CHAMELEON,CULTURE CLUB,6
05/11/1983,UPTOWN GIRL,BILLY JOEL,5
10/12/1983,ONLY YOU,FLYING PICKETS,5
14/01/1984,PIPES OF PEACE,PAUL MCCARTNEY,2
28/01/1984,RELAX,FRANKIE GOES TO HOLLYWOOD,5
03/03/1984,99 RED BALLOONS,NENA,3
24/03/1984,HELLO,LIONEL RICHIE,6
05/05/1984,THE REFLEX,DURAN DURAN,4
02/06/1984,WAKE ME UP BEFORE YOU GO-GO,WHAM!,2
16/06/1984,TWO TRIBES,FRANKIE GOES TO HOLLYWOOD,9
18/08/1984,CARELESS WHISPER,GEORGE MICHAEL,3
08/09/1984,I JUST CALLED TO SAY I LOVE YOU,STEVIE WONDER,6
20/10/1984,FREEDOM,WHAM!,3
10/11/1984,I FEEL FOR YOU,CHAKA KHAN,3
01/12/1984,I SHOULD HAVE KNOWN BETTER,JIM DIAMOND,1
08/12/1984,THE POWER OF LOVE,FRANKIE GOES TO HOLLYWOOD,1
15/12/1984,DO THEY KNOW IT'S CHRISTMAS?,BAND AID,5
19/01/1985,I WANT TO KNOW WHAT LOVE IS,FOREIGNER,3
09/02/1985,I KNOW HIM SO WELL,ELAINE PAIGE & BARBARA DICKSON,4
09/03/1985,YOU SPIN ME ROUND (LIKE A RECORD),DEAD OR ALIVE,2
23/03/1985,EASY LOVER,PHILIP BAILEY (DUET WITH PHIL COLLINS),4
20/04/1985,WE ARE THE WORLD,USA FOR AFRICA,2
04/05/1985,MOVE CLOSER,PHYLLIS NELSON,1
11/05/1985,19,PAUL HARDCASTLE,5
15/06/1985,YOU'LL NEVER WALK ALONE,CROWD,2
29/06/1985,FRANKIE,SISTER SLEDGE,4
27/07/1985,THERE MUST BE AN ANGEL (PLAYING WITH MY HEART),EURYTHMICS,1
03/08/1985,INTO THE GROOVE,MADONNA,4
31/08/1985,I GOT YOU BABE,UB40 FEATURING CHRISSIE HYNDE,1
07/09/1985,DANCING IN THE STREETS,DAVID BOWIE & MICK JAGGER,4
05/10/1985,IF I WAS,MIDGE URE,1
12/10/1985,THE POWER OF LOVE,JENNIFER RUSH,5
16/11/1985,A GOOD HEART,FEARGAL SHARKEY,2
30/11/1985,I'M YOUR MAN,WHAM!,2
14/12/1985,SAVING ALL MY LOVE FOR YOU,WHITNEY HOUSTON,2
28/12/1985,MERRY CHRISTMAS EVERYONE,SHAKIN' STEVENS,2
11/01/1986,WEST END GIRLS,PET SHOP BOYS,2
25/01/1986,THE SUN ALWAYS SHINES ON TV,A-HA,2
08/02/1986,WHEN THE GOING GETS TOUGH, THE TOUGH GET GOING,BILLY OCEAN,4
08/03/1986,CHAIN REACTION,DIANA ROSS,3
29/03/1986,LIVING DOLL,CLIFF RICHARD & THE YOUNG ONES FEATURING HANK B MARVIN,3
19/04/1986,A DIFFERENT CORNER,GEORGE MICHAEL,3
10/05/1986,ROCK ME AMADEUS,FALCO,1
17/05/1986,THE CHICKEN SONG,SPITTING IMAGE,3
07/06/1986,SPIRIT IN THE SKY,DOCTOR & THE MEDICS,3
28/06/1986,THE EDGE OF HEAVEN/WHERE DID YOUR HEART GO,WHAM!,2
12/07/1986,PAPA DON'T PREACH,MADONNA,3
02/08/1986,THE LADY IN RED,CHRIS DE BURGH,3
23/08/1986,I WANT TO WAKE UP WITH YOU,BORIS GARDINER,3
13/09/1986,DON'T LEAVE ME THIS WAY,COMMUNARDS WITH SARAH-JANE MORRIS,4
11/10/1986,TRUE BLUE,MADONNA,1
18/10/1986,EVERY LOSER WINS,NICK BERRY,3
08/11/1986,TAKE MY BREATH AWAY (LOVE THEME FROM 'TOP GUN'),BERLIN,4
06/12/1986,THE FINAL COUNTDOWN,EUROPE,2
20/12/1986,CARAVAN OF LOVE,HOUSEMARTINS,1
27/12/1986,REET PETITE (THE SWEETEST GIRL IN TOWN),JACKIE WILSON,4
24/01/1987,JACK YOUR BODY,STEVE 'SILK' HURLEY,2
07/02/1987,I KNEW YOU WERE WAITING (FOR ME),ARETHA FRANKLIN & GEORGE MICHAEL,2
21/02/1987,STAND BY ME,BEN E. KING,3
14/03/1987,EVERYTHING I OWN,BOY GEORGE,2
28/03/1987,RESPECTABLE,MEL & KIM,1
04/04/1987,LET IT BE,FERRY AID,3
25/04/1987,LA ISLA BONITA,MADONNA,2
09/05/1987,NOTHING'S GONNA STOP US NOW,STARSHIP,4
06/06/1987,I WANNA DANCE WITH SOMEBODY (WHO LOVES ME),WHITNEY HOUSTON,2
20/06/1987,STAR TREKKIN',THE FIRM,2
04/07/1987,IT'S A SIN,PET SHOP BOYS,3
25/07/1987,WHO'S THAT GIRL,MADONNA,1
01/08/1987,LA BAMBA,LOS LOBOS,2
15/08/1987,I JUST CAN'T STOP LOVING YOU,MICHAEL JACKSON,2
29/08/1987,NEVER GONNA GIVE YOU UP,RICK ASTLEY,5
03/10/1987,PUMP UP THE VOLUME / ANITINA (THE FIRST TIME I SEE SHE DANCE),M/A/R/R/S,2
17/10/1987,YOU WIN AGAIN,BEE GEES,4
14/11/1987,CHINA IN YOUR HAND,T'PAU,5
19/12/1987,ALWAYS ON MY MIND,PET SHOP BOYS,4
16/01/1988,HEAVEN IS A PLACE ON EARTH,BELINDA CARLISLE,2
30/01/1988,I THINK WE'RE ALONE NOW,TIFFANY,3
20/02/1988,I SHOULD BE SO LUCKY,KYLIE MINOGUE,5
26/03/1988,DON'T TURN AROUND,ASWAD,2
09/04/1988,HEART,PET SHOP BOYS,3
30/04/1988,THEME FROM S-EXPRESS,S-EXPRESS,2
14/05/1988,PERFECT,FAIRGROUND ATTRACTION,1
21/05/1988,WITH A LITTLE HELP FROM MY FRIENDS/SHE'S LEAVING HOME,WET WET WET/BILLY BRAGG,4
18/06/1988,DOCTORIN' THE TARDIS,TIMELORDS,1
25/06/1988,I OWE YOU NOTHING,BROS,2
09/07/1988,NOTHING'S GONNA CHANGE MY LOVE FOR YOU,GLENN MEDEIROS,4
06/08/1988,THE ONLY WAY IS UP,YAZZ & THE PLASTIC POPULATION,5
10/09/1988,A GROOVY KIND OF LOVE,PHIL COLLINS,2
24/09/1988,HE AIN'T HEAVY, HE'S MY BROTHER,HOLLIES,2
08/10/1988,DESIRE,U2,1
15/10/1988,ONE MOMENT IN TIME,WHITNEY HOUSTON,2
29/10/1988,ORINOCO FLOW,ENYA,3
19/11/1988,THE FIRST TIME,ROBIN BECK,3
10/12/1988,MISTLETOE AND WINE,CLIFF RICHARD,4
07/01/1989,ESPECIALLY FOR YOU,KYLIE MINOGUE & JASON DONOVAN,3
28/01/1989,SOMETHINGS GOTTEN HOLD OF MY HEART,MARC ALMOND FEATURING SPECIAL GUEST STAR GENE PITNEY,4
25/02/1989,BELFAST CHILD,SIMPLE MINDS,2
11/03/1989,TOO MANY BROKEN HEARTS,JASON DONOVAN,2
25/03/1989,LIKE A PRAYER,MADONNA,3
15/04/1989,ETERNAL FLAME,BANGLES,4
13/05/1989,HAND ON YOUR HEART,KYLIE MINOGUE,1
20/05/1989,FERRY 'CROSS THE MERSEY,CHRISTIANS, HOLLY JOHNSON, PAUL McCARTNEY, GERRY MARSDEN & STOCK AITKEN WATERMAN,3
10/06/1989,SEALED WITH A KISS,JASON DONOVAN,2
24/06/1989,BACK TO LIFE (HOWEVER DO YOU WANT ME),SOUL II SOUL FEATURING CARON WHEELER,4
22/07/1989,YOU'LL NEVER STOP ME LOVING YOU,SONIA,2
05/08/1989,SWING THE MOOD,JIVE BUNNY & THE MASTERMIXERS,5
09/09/1989,RIDE ON TIME,BLACK BOX,6
21/10/1989,THAT'S WHAT I LIKE,JIVE BUNNY & THE MASTERMIXERS,3
11/11/1989,ALL AROUND THE WORLD,LISA STANSFIELD,2
25/11/1989,YOU GOT IT (THE RIGHT STUFF),NEW KIDS ON THE BLOCK,3
16/12/1989,LET'S PARTY,JIVE BUNNY & THE MASTERMIXERS,1
23/12/1989,DO THEY KNOW IT'S CHRISTMAS?,BAND AID II,3
16/01/1990,HANGIN' TOUGH,NEW KIDS ON THE BLOCK,2
27/01/1990,TEARS ON MY PILLOW,KYLIE MINOGUE,1
03/02/1990,NOTHING COMPARES 2 U,SINEAD O'CONNOR,4
03/03/1990,DUB BE GOOD TO ME,BEATS INTERNATIONAL FEATURING LINDY LAYTON,4
31/03/1990,THE POWER,SNAP,2
14/04/1990,VOGUE,MADONNA,4
12/05/1990,KILLER,ADAMSKI,4
09/06/1990,WORLD IN MOTION,ENGLANDNEWORDER,2
23/06/1990,SACRIFICE/HEALING HANDS,ELTON JOHN,5
28/07/1990,TURTLE POWER,PARTNERS IN KRYME,4
25/08/1990,ITSY BITSY TEENY WEENY YELLOW POLKA DOT BIKINI,BOMBALURINA FEATURING TIMMY MALLETT,3
15/09/1990,THE JOKER,STEVE MILLER BAND,2
29/09/1990,SHOW ME HEAVEN,MARIA MCKEE,4
27/10/1990,A LITTLE TIME,BEAUTIFUL SOUTH,1
03/11/1990,UNCHAINED MELODY,RIGHTEOUS BROTHERS,4
01/12/1990,ICE ICE BABY,VANILLA ICE,4
29/12/1990,SAVIOUR'S DAY,CLIFF RICHARD,1
05/01/1991,BRING YOUR DAUGHTER...TO THE SLAUGHTER,IRON MAIDEN,2
19/01/1991,SADENESS PART 1,ENIGMA,1
26/01/1991,INNUENDO,QUEEN,1
02/02/1991,3 AM ETERNAL,KLF FEATURING THE CHILDREN OF THE REVOLUTION,2
16/02/1991,DO THE BARTMAN,SIMPSONS,3
09/03/1991,SHOULD I STAY OR SHOULD I GO,CLASH,2
23/03/1991,THE STONK,HALE & PACE & THE STONKERS,1
30/03/1991,THE ONE AND ONLY,CHESNEY HAWKES,5
04/05/1991,THE SHOOP SHOOP SONG (IT'S IN HIS KISS),CHER,5
08/06/1991,I WANNA SEX YOU UP,COLOR ME BADD,3
29/06/1991,ANY DREAM WILL DO,JASON DONOVAN,2
13/07/1991,(EVERYTHING I DO) I DO IT FOR YOU,BRYAN ADAMS,16
02/11/1991,THE FLY,U2,1
09/11/1991,DIZZY,VIC REEVES & THE WONDER STUFF,2
23/11/1991,BLACK OR WHITE,MICHAEL JACKSON,2
07/12/1991,DON'T LET THE SUN GO DOWN ON ME,GEORGE MICHAEL & ELTON JOHN,2
21/12/1991,BOHEMIAN RHAPSODY/THESE ARE THE DAYS OF OUR LIVES,QUEEN,5
25/01/1992,GOODNIGHT GIRL,WET WET WET,4
22/02/1992,STAY,SHAKESPEAR'S SISTER,8
18/04/1992,DEEPLY DIPPY,RIGHT SAID FRED,3
09/05/1992,PLEASE DON'T GO/GAME BOY,KWS,5
13/06/1992,ABBA-ESQUE EP,ERASURE,5
18/07/1992,AIN'T NO DOUBT,JIMMY NAIL,3
08/08/1992,RHYTHM IS A DANCER,SNAP,6
19/09/1992,EBENEEZER GOODE,SHAMEN,4
17/10/1992,SLEEPING SATELLITE,TASMIN ARCHER,2
31/10/1992,END OF THE ROAD,BOYZ II MEN,3
21/11/1992,WOULD I LIE TO YOU,CHARLES & EDDIE,2
05/12/1992,I WILL ALWAYS LOVE YOU,WHITNEY HOUSTON,10
13/02/1993,NO LIMIT,2 UNLIMITED,5
20/03/1993,OH CAROLINA,SHAGGY,2
03/04/1993,YOUNG AT HEART,BLUEBELLS,4
01/05/1993,FIVE LIVE EP,GEORGE MICHAEL & QUEEN WITH LISA STANSFIELD,3
22/05/1993,ALL THAT SHE WANTS,ACE OF BASE,3
12/06/1993,(I CAN'T HELP) FALLING IN LOVE WITH YOU,UB40,2
26/06/1993,DREAMS,GABRIELLE,3
17/07/1993,PRAY,TAKE THAT,4
14/08/1993,LIVING ON MY OWN,FREDDIE MERCURY,2
28/08/1993,MR VAIN,CULTURE BEAT,4
25/09/1993,BOOM! SHAKE THE ROOM,JAZZY JEFF & THE FRESH PRINCE,2
09/10/1993,RELIGHT MY FIRE,TAKE THAT FEATURING LULU,2
23/10/1993,I'D DO ANYTHING FOR LOVE (BUT I WON'T DO THAT),MEAT LOAF,7
11/12/1993,MR BLOBBY,MR BLOBBY,1
18/12/1993,BABE,TAKE THAT,1
25/12/1993,MR BLOBBY,MR BLOBBY,2
08/01/1994,TWIST & SHOUT,CHAKA DEMUS & PLIERS FEATURING JACK RADICS & TAXI GANG,2
22/01/1994,THINGS CAN ONLY GET BETTER,D:REAM,4
19/02/1994,WITHOUT YOU,MARIAH CAREY,4
19/03/1994,DOOP,DOOP,3
09/04/1994,EVERYTHING CHANGES,TAKE THAT,2
23/04/1994,THE MOST BEAUTIFUL GIRL IN THE WORLD,PRINCE,2
07/05/1994,THE REAL THING,TONY DI BART,1
14/05/1994,INSIDE,STILTSKIN,1
21/05/1994,COME ON YOU REDS,MANCHESTER UNITED FOOTBALL CLUB,1
04/06/1994,LOVE IS ALL AROUND,WET WET WET,15
17/09/1994,SATURDAY NIGHT,WHIGFIELD,4
15/10/1994,SURE,TAKE THAT,2
29/10/1994,BABY COME BACK,PATO BANTON,4
26/11/1994,LET ME BE YOUR FANTASY,BABY D,2
10/12/1994,STAY ANOTHER DAY,EAST 17,5
14/01/1995,COTTON EYE JOE,REDNEX,3
04/02/1995,THINK TWICE,CELINE DION,7
25/03/1995,LOVE CAN BUILD A BRIDGE,CHER, CHRISSIE HYNDE, NENEH CHERRY WITH ERIC CLAPTON,1
01/04/1995,DON'T STOP (WIGGLE WIGGLE),OUTHERE BROTHERS,1
08/04/1995,BACK FOR GOOD,TAKE THAT,4
06/05/1995,SOME MIGHT SAY,OASIS,1
13/05/1995,DREAMER,LIVIN' JOY,1
20/05/1995,UNCHAINED MELODY/(THERE'LL BE BLUEBIRDS OVER) WHITE CLIFFS OF DOVER,ROBSON GREEN & JEROME FLYNN,7
08/07/1995,BOOM BOOM BOOM,OUTHERE BROTHERS,4
05/08/1995,NEVER FORGET,TAKE THAT,3
26/08/1995,COUNTRY HOUSE,BLUR,2
09/09/1995,YOU ARE NOT ALONE,MICHAEL JACKSON,2
23/09/1995,BOOMBASTIC,SHAGGY,1
30/09/1995,FAIRGROUND,SIMPLY RED,4
28/10/1995,GANGSTA'S PARADISE,COOLIO FEATURING LV,2
11/11/1995,I BELIEVE/UP ON THE ROOF,ROBSON GREEN & JEROME FLYNN,4
09/12/1995,EARTH SONG,MICHAEL JACKSON,6
20/01/1996,JESUS TO A CHILD,GEORGE MICHAEL,1
27/01/1996,SPACEMAN,BABYLON ZOO,5
02/03/1996,DON'T LOOK BACK IN ANGER,OASIS,1
09/03/1996,HOW DEEP IS YOUR LOVE,TAKE THAT,3
30/03/1996,FIRESTARTER,PRODIGY,3
20/04/1996,RETURN OF THE MACK,MARK MORRISON,2
04/05/1996,FASTLOVE,GEORGE MICHAEL,3
25/05/1996,OOH AAH... JUST A LITTLE BIT,GINA G,1
01/06/1996,THREE LIONS (THE OFFICIAL SONG OF THE ENGLAND FOOTBALL TEAM),BADDIEL & SKINNER & LIGHTNING SEEDS,1
08/06/1996,KILLING ME SOFTLY,FUGEES,4
06/07/1996,THREE LIONS (THE OFFICIAL SONG OF THE ENGLAND FOOTBALL TEAM),BADDIEL & SKINNER & LIGHTNING SEEDS,1
13/07/1996,KILLING ME SOFTLY,FUGEES,1
20/07/1996,FOREVER LOVE,GARY BARLOW,1
27/07/1996,WANNABE,SPICE GIRLS,7
14/09/1996,FLAVA,PETER ANDRE,1
21/09/1996,READY OR NOT,FUGEES,2
05/10/1996,BREAKFAST AT TIFFANY'S,DEEP BLUE SOMETHING,1
12/10/1996,SETTING SUN,CHEMICAL BROTHERS,1
19/10/1996,WORDS,BOYZONE,1
26/10/1996,SAY YOU'LL BE THERE,SPICE GIRLS,2
09/11/1996,WHAT BECOMES OF THE BROKENHEARTED/SATURDAY NIGHT AT THE MOVIES/YOU'LL NEVER WALK ALONE,ROBSON GREEN & JEROME FLYNN,2
23/11/1996,BREATHE,PRODIGY,2
07/12/1996,I FEEL YOU,PETER ANDRE,1
14/12/1996,A DIFFERENT BEAT,BOYZONE,1
21/12/1996,KNOCKIN' ON HEAVEN'S DOOR/THROW THESE GUNS AWAY,DUNBLANE,1
28/12/1996,2 BECOME 1,SPICE GIRLS,3
18/01/1997,PROFESSIONAL WIDOW (IT'S GOT TO BE BIG),TORI AMOS,1
25/01/1997,YOUR WOMAN,WHITE TOWN,1
01/02/1997,BEETLEBUM,BLUR,1
08/02/1997,AIN'T NOBODY,LL COOL J,1
15/02/1997,DISCOTHEQUE,U2,1
22/02/1997,DON'T SPEAK,NO DOUBT,3
15/03/1997,MAMA/WHO DO YOU THINK YOU ARE,SPICE GIRLS,3
05/04/1997,BLOCK ROCKIN' BEATS,CHEMICAL BROTHERS,1
12/04/1997,I BELIEVE I CAN FLY,R KELLY,3
03/05/1997,BLOOD ON THE DANCE FLOOR,MICHAEL JACKSON,1
10/05/1997,LOVE WON'T WAIT,GARY BARLOW,1
17/05/1997,YOU'RE NOT ALONE,OLIVE,2
31/05/1997,I WANNA BE THE ONE,ETERNAL FEATURING BEBE WINANS,1
07/06/1997,MMMBOP,HANSON,3
28/06/1997,I'LL BE MISSING YOU,PUFF DADDY & FAITH EVANS FEATURING 112,3
19/07/1997,D'YOU KNOW WHAT I MEAN?,OASIS,1
26/07/1997,I'LL BE MISSING YOU,PUFF DADDY & FAITH EVANS FEATURING 112,3
16/08/1997,MEN IN BLACK,WILL SMITH,4
13/09/1997,THE DRUGS DON'T WORK,VERVE,1
20/09/1997,SOMETHING ABOUT THE WAY YOU LOOK TONIGHT/CANDLE IN THE WIND 97,ELTON JOHN,5
25/10/1997,SPICE UP YOUR LIFE,SPICE GIRLS,1
01/11/1997,BARBIE GIRL,AQUA,4
29/11/1997,PERFECT DAY,VARIOUS ARTISTS,2
13/12/1997,TELETUBBIES SAY EH-OH!,TELETUBBIES,2
27/12/1997,TOO MUCH,SPICE GIRLS,2
10/01/1998,PERFECT DAY,VARIOUS ARTISTS,1
17/01/1998,NEVER EVER,ALL SAINTS,1
24/01/1998,ALL AROUND THE WORLD,OASIS,1
31/01/1998,YOU MAKE ME WANNA...,USHER,1
07/02/1998,DOCTOR JONES,AQUA,2
21/02/1998,MY HEART WILL GO ON,CELINE DION,1
28/02/1998,BRIMFUL OF ASHA,CORNERSHOP,1
07/03/1998,FROZEN,MADONNA,1
14/03/1998,MY HEART WILL GO ON,CELINE DION,1
21/03/1998,IT'S LIKE THAT,RUN DMC VERSUS JASON NEVINS,6
02/05/1998,ALL THAT I NEED,BOYZONE,1
09/05/1998,UNDER THE BRIDGE/LADY MARMALADE,ALL SAINTS,1
16/05/1998,TURN BACK TIME,AQUA,1
23/05/1998,UNDER THE BRIDGE/LADY MARMALADE,ALL SAINTS,1
30/05/1998,FEEL IT,TAMPERER FEATURING MAYA,1
06/06/1998,C'EST LA VIE,B*WITCHED,2
20/06/1998,THREE LIONS '98,BADDIEL & SKINNER & LIGHTNING SEEDS,3
11/07/1998,BECAUSE WE WANT TO,BILLIE,1
18/07/1998,FREAK ME,ANOTHER LEVEL,1
25/07/1998,DEEPER UNDERGROUND,JAMIROQUAI,1
01/08/1998,VIVA FOREVER,SPICE GIRLS,2
15/08/1998,NO MATTER WHAT,BOYZONE,3
05/09/1998,IF YOU TOLERATE THIS YOUR CHILDREN WILL BE NEXT,MANIC STREET PREACHERS,1
12/09/1998,BOOTIE CALL,ALL SAINTS,1
19/09/1998,MILLENNIUM,ROBBIE WILLIAMS,1
26/09/1998,I WANT YOU BACK,MELANIE B FEATURING MISSY 'MISDEMEANOR' ELLIOTT,1
03/10/1998,ROLLERCOASTER,B*WITCHED,2
17/10/1998,GIRLFRIEND,BILLIE,1
24/10/1998,GYM AND TONIC,SPACEDUST,1
31/10/1998,BELIEVE,CHER,7
19/12/1998,TO YOU I BELONG,B*WITCHED,1
26/12/1998,GOODBYE,SPICE GIRLS,1
02/01/1999,CHOCOLATE SALTY BALLS (PS I LOVE YOU),CHEF,1
09/01/1999,HEARTBEAT/TRAGEDY,STEPS,1
16/01/1999,PRAISE YOU,FATBOY SLIM,1
23/01/1999,A LITTLE BIT MORE,911,1
30/01/1999,PRETTY FLY (FOR A WHITE GUY),OFFSPRING,1
06/02/1999,YOU DON'T KNOW ME,ARMAND VAN HELDEN FEATURING DUANE HAEDEN,1
13/02/1999,MARIA,BLONDIE,1
20/02/1999,FLY AWAY,LENNY KRAVITZ,1
27/02/1999,BABY ONE MORE TIME,BRITNEY SPEARS,2
13/03/1999,WHEN THE GOING GETS TOUGH,BOYZONE,2
27/03/1999,BLAME IT ON THE WEATHERMAN,B*WITCHED,1
03/04/1999,FLAT BEAT,MR OIZO,2
17/04/1999,PERFECT MOMENT,MARTINE MCCUTCHEON,2
01/05/1999,SWEAR IT AGAIN,WESTLIFE,2
15/05/1999,I WANT IT THAT WAY,BACKSTREET BOYS,1
22/05/1999,YOU NEEDED ME,BOYZONE,1
29/05/1999,SWEET LIKE CHOCOLATE,SHANKS & BIGFOOT,2
12/06/1999,EVERYBODY'S FREE (TO WEAR SUNSCREEN),BAZ LUHRMANN,1
19/06/1999,BRING IT ALL BACK,S CLUB 7,1
26/06/1999,BOOM BOOM BOOM BOOM!!,VENGABOYS,1
03/07/1999,9PM (TILL I COME),ATB,2
17/07/1999,LIVIN' LA VIDA LOCA,RICKY MARTIN,3
07/08/1999,WHEN YOU SAY NOTHING AT ALL,RONAN KEATING,2
21/08/1999,IF I LET YOU GO,WESTLIFE,1
28/08/1999,MI CHICO LATINO,GERI HALLIWELL,1
04/09/1999,MAMBO NO 5 (A LITTLE BIT OF…),LOU BEGA,2
18/09/1999,WE'RE GOING TO IBIZA!,VENGABOYS,1
25/09/1999,BLUE (DA BA DEE),EIFFEL 65,3
16/10/1999,GENIE IN A BOTTLE,CHRISTINA AGUILERA,2
30/10/1999,FLYING WITHOUT WINGS,WESTLIFE,1
06/11/1999,KEEP ON MOVIN',FIVE,1
13/11/1999,LIFT ME UP,GERI HALLIWELL,1
20/11/1999,SHE'S THE ONE/IT'S ONLY US,ROBBIE WILLIAMS,1
27/11/1999,KING OF MY CASTLE,WAMDUE PROJECT,1
04/12/1999,MILLENNIUM PRAYER,CLIFF RICHARD,3
25/12/1999,I HAVE A DREAM/SEASONS IN THE SUN,WESTLIFE,4
22/01/2000,THE MASSES AGAINST THE CLASSES,MANIC STREET PREACHERS,1
29/01/2000,BORN TO MAKE YOU HAPPY,BRITNEY SPEARS,1
05/02/2000,RISE,GABRIELLE,2
19/02/2000,GO LET IT OUT,OASIS,1
26/02/2000,PURE SHORES,ALL SAINTS,2
11/03/2000,AMERICAN PIE,MADONNA,1
18/03/2000,DON'T GIVE UP,CHICANE FEATURING BRYAN ADAMS,1
25/03/2000,BAG IT UP,GERI HALLIWELL,1
01/04/2000,NEVER BE THE SAME AGAIN,MELANIE C & LISA 'LEFT EYE' LOPES,1
08/04/2000,FOOL AGAIN,WESTLIFE,1
15/04/2000,FILL ME IN,CRAIG DAVID,1
22/04/2000,TOCA'S MIRACLE,FRAGMA,2
06/05/2000,BOUND 4 DA RELOAD (CASUALTY),OXIDE & NEUTRINO,1
13/05/2000,OOPS!... I DID IT AGAIN,BRITNEY SPEARS,1
20/05/2000,DON'T CALL ME BABY,MADISON AVENUE,1
27/05/2000,DAY & NIGHT,BILLIE PIPER,1
03/06/2000,IT FEELS SO GOOD,SONIQUE,3
24/06/2000,YOU SEE THE TROUBLE WITH ME,BLACK LEGEND,1
01/07/2000,SPINNING AROUND,KYLIE MINOGUE,1
08/07/2000,THE REAL SLIM SHADY,EMINEM,1
15/07/2000,BREATHLESS,CORRS,1
22/07/2000,LIFE IS A ROLLERCOASTER,RONAN KEATING,1
29/07/2000,WE WILL ROCK YOU,FIVE & QUEEN,1
05/08/2000,7 DAYS,CRAIG DAVID,1
12/08/2000,ROCK DJ,ROBBIE WILLIAMS,1
19/08/2000,I TURN TO YOU,MELANIE C,1
26/08/2000,GROOVEJET (IF THIS AIN'T LOVE),SPILLER,1
02/09/2000,MUSIC,MADONNA,1
09/09/2000,TAKE ON ME,A1,1
16/09/2000,LADY (HEAR ME TONIGHT),MODJO,2
30/09/2000,AGAINST ALL ODDS,MARIAH CAREY FEATURING WESTLIFE,2
14/10/2000,BLACK COFFEE,ALL SAINTS,1
21/10/2000,BEAUTIFUL DAY,U2,1
28/10/2000,STOMP,STEPS,1
04/11/2000,HOLLER/LET LOVE LEAD THE WAY,SPICE GIRLS,1
11/11/2000,MY LOVE,WESTLIFE,1
18/11/2000,SAME OLD BRAND NEW YOU,A1,1
25/11/2000,CAN'T FIGHT THE MOONLIGHT,LEANN RIMES,1
02/12/2000,INDEPENDENT WOMEN PART 1,DESTINY'S CHILD,1
09/12/2000,NEVER HAD A DREAM COME TRUE,S CLUB 7,1
16/12/2000,STAN,EMINEM,1
23/12/2000,CAN WE FIX IT,BOB THE BUILDER,3
13/01/2001,TOUCH ME,RUI DA SILVA FEATURING CASSANDRA,1
20/01/2001,LOVE DON'T COST A THING,JENNIFER LOPEZ,1
27/01/2001,ROLLIN',LIMP BIZKIT,2
10/02/2001,WHOLE AGAIN,ATOMIC KITTEN,4
10/03/2001,IT WASN'T ME,SHAGGY,1
17/03/2001,UPTOWN GIRL,WESTLIFE,1
24/03/2001,PURE AND SIMPLE,HEAR'SAY,3
14/04/2001,WHAT TOOK YOU SO LONG,EMMA BUNTON,2
28/04/2001,SURVIVOR,DESTINY'S CHILD,1
05/05/2001,DON'T STOP MOVIN',S CLUB 7,1
12/05/2001,IT'S RAINING MEN,GERI HALLIWELL,2
26/05/2001,DON'T STOP MOVIN',S CLUB 7,1
02/06/2001,DO YOU REALLY LIKE IT,DJ PIED PIPER & THE MASTERS OF CEREMONIES,1
09/06/2001,ANGEL,SHAGGY FEATURING RAYVON,3
30/06/2001,LADY MARMALADE,CHRISTINA AGUILERA/LIL' KIM/MYA/PINK,1
07/07/2001,THE WAY TO YOUR LOVE,HEAR'SAY,1
14/07/2001,ANOTHER CHANCE,ROGER SANCHEZ,1
21/07/2001,ETERNITY/THE ROAD TO MANDALAY,ROBBIE WILLIAMS,2
04/08/2001,ETERNAL FLAME,ATOMIC KITTEN,2
18/08/2001,21 SECONDS,SO SOLID CREW,1
25/08/2001,LET'S DANCE,FIVE,2
08/09/2001,TOO CLOSE,BLUE,1
15/09/2001,MAMBO NO 5,BOB THE BUILDER,1
22/09/2001,HEY BABY,DJ OTZI,1
29/09/2001,CAN'T GET YOU OUT OF MY HEAD,KYLIE MINOGUE,4
27/10/2001,BECAUSE I GOT HIGH,AFROMAN,3
17/11/2001,QUEEN OF MY HEART,WESTLIFE,1
24/11/2001,IF YOU COME BACK,BLUE,1
01/12/2001,HAVE YOU EVER,S CLUB 7,1
08/12/2001,GOTTA GET THRU THIS,DANIEL BEDINGFIELD,2
22/12/2001,SOMETHIN' STUPID,ROBBIE WILLIAMS & NICOLE KIDMAN,3
12/01/2002,GOTTA GET THRU THIS,DANIEL BEDINGFIELD,1
19/01/2002,MORE THAN A WOMAN,AALIYAH,1
26/01/2002,MY SWEET LORD,GEORGE HARRISON,1
02/02/2002,HERO,ENRIQUE IGLESIAS,4
02/03/2002,WORLD OF OUR OWN,WESTLIFE,1
09/03/2002,ANYTHING IS POSSIBLE/ EVERGREEN,WILL YOUNG,3
30/03/2002,UNCHAINED MELODY,GARETH GATES,4
27/04/2002,THE HINDU TIMES,OASIS,1
04/05/2002,FREAK LIKE ME,SUGABABES,1
11/05/2002,KISS KISS,HOLLY VALANCE,1
18/05/2002,IF TOMORROW NEVER COMES,RONAN KEATING,1
25/05/2002,JUST A LITTLE,LIBERTY X,1
01/06/2002,WITHOUT ME,EMINEM,1
08/06/2002,LIGHT MY FIRE,WILL YOUNG,2
22/06/2002,A LITTLE LESS CONVERSATION,ELVIS VS JXL,4
20/07/2002,ANYONE OF US (STUPID MISTAKE),GARETH GATES,3
10/08/2002,COLOURBLIND,DARIUS,2
24/08/2002,ROUND ROUND,SUGABABES,1
31/08/2002,CROSSROADS,BLAZIN' SQUAD,1
07/09/2002,THE TIDE IS HIGH (GET THE FEELING),ATOMIC KITTEN,3
28/09/2002,JUST LIKE A PILL,PINK,1
05/10/2002,THE LONG AND WINDING ROAD/SUSPICIOUS MINDS,WILL YOUNG & GARETH GATES/GARETH GATES,2
19/10/2002,THE KETCHUP SONG (ASEREJE),LAS KETCHUP,1
26/10/2002,DILEMMA,NELLY FEATURING KELLY ROWLAND,2
09/11/2002,HEAVEN,DJ SAMMY & YANOU FEATURING DO,1
16/11/2002,UNBREAKABLE,WESTLIFE,1
23/11/2002,DIRRTY,CHRISTINA AGUILERA FEAT. REDMAN,2
07/12/2002,IF YOU'RE NOT THE ONE,DANIEL BEDINGFIELD,1
14/12/2002,LOSE YOURSELF,EMINEM,1
21/12/2002,SORRY SEEMS TO BE THE HARDEST WORD,BLUE FEAT.ELTON JOHN,1
28/12/2002,SOUND OF THE UNDERGROUND,GIRLS ALOUD,4
25/01/2003,STOP LIVING THE LIE,DAVID SNEDDON,2
08/02/2003,ALL THE THINGS SHE SAID,t.A.T.u.,4
08/03/2003,BEAUTIFUL,CHRISTINA AGUILERA,2
22/03/2003,SPIRIT IN THE SKY,GARETH GATES FEAT. THE KUMARS,2
05/04/2003,MAKE LUV,ROOM 5 FEAT. OLIVER CHEATHAM,4
03/05/2003,YOU SAID NO,BUSTED,1
10/05/2003,LONELINESS,TOMCRAFT,1
17/05/2003,IGNITION,R KELLY,4
14/06/2003,BRING ME TO LIFE,EVANESCENCE,4
12/07/2003,CRAZY IN LOVE,BEYONCE,3
02/08/2003,NEVER GONNA LEAVE YOUR SIDE,DANIEL BEDINGFIELD,1
09/08/2003,BREATHE,BLU CANTRELL FEAT. SEAN PAUL,4
06/09/2003,ARE YOU READY FOR LOVE,ELTON JOHN,1
13/09/2003,WHERE IS THE LOVE,BLACK EYED PEAS,6
25/10/2003,HOLE IN THE HEAD,SUGABABES,1
01/11/2003,BE FAITHFUL,FATMAN SCOOP FEAT. THE CROOKLYN CLAN,2
15/11/2003,SLOW,KYLIE MINOGUE,1
22/11/2003,CRASHED THE WEDDING,BUSTED,1
29/11/2003,MANDY,WESTLIFE,1
06/12/2003,LEAVE RIGHT NOW,WILL YOUNG,2
20/12/2003,CHANGES,OZZY & KELLY OSBOURNE,1
27/12/2003,MAD WORLD,MICHAEL ANDREWS FEAT. GARY JULES,3
17/01/2004,ALL THIS TIME,MICHELLE,3
07/02/2004,TAKE ME TO THE CLOUDS ABOVE,LMC V U2,2
21/02/2004,WITH A LITTLE HELP FROM MY FRIENDS/MEASURE OF A MAN,SAM & MARK,1
28/02/2004,WHO'S DAVID,BUSTED,1
06/03/2004,MYSTERIOUS GIRL,PETER ANDRE FEAT. BUBBLER RANX,1
13/03/2004,TOXIC,BRITNEY SPEARS,1
20/03/2004,CHA CHA SLIDE,DJ CASPER,1
27/03/2004,YEAH,USHER FEAT. LIL' JON & LUDACRIS,2
10/04/2004,FIVE COLOURS IN HER HAIR,McFLY,2
24/04/2004,F**K IT (I DON'T WANT YOU BACK),EAMON,4
22/05/2004,F.U.R.B (F U RIGHT BACK),FRANKEE,3
12/06/2004,I DON'T WANNA KNOW,MARIO WINANS FEAT. ENYA & P.DIDDY,2
26/06/2004,EVERYTIME,BRITNEY SPEARS,1
03/07/2004,OBVIOUSLY,McFLY,1
10/07/2004,BURN,USHER,2
24/07/2004,LOLA'S THEME,SHAPESHIFTERS,1
31/07/2004,DRY YOUR EYES,STREETS,1
07/08/2004,THUNDERBIRDS/3AM,BUSTED,2
21/08/2004,BABYCAKES,3 OF A KIND,1
28/08/2004,THESE WORDS,NATASHA BEDINGFIELD,2
11/09/2004,MY PLACE/FLAP YOUR WINGS,NELLY,1
18/09/2004,REAL TO ME,BRIAN McFADDEN,1
25/09/2004,CALL ON ME,ERIC PRYDZ,3
16/10/2004,RADIO,ROBBIE WILLIAMS,1
23/10/2004,CALL ON ME,ERIC PRYDZ,2
06/11/2004,WONDERFUL,JA RULE FEAT. R.KELLY & ASHANTI,1
13/11/2004,JUST LOSE IT,EMINEM,1
20/11/2004,VERTIGO,U2,1
27/11/2004,I'LL STAND BY YOU,GIRLS ALOUD,2
11/12/2004,DO THEY KNOW IT'S CHRISTMAS?,BAND AID 20,4
08/01/2005,AGAINST ALL ODDS,STEVE BROOKSTEIN,1
15/01/2005,JAILHOUSE ROCK,ELVIS PRESLEY,1
22/01/2005,ONE NIGHT/I GOT STUNG,ELVIS PRESLEY,1
29/01/2005,GOODIES,CIARA FEAT. PETEY PABLO,1
05/02/2005,IT'S NOW OR NEVER **,ELVIS PRESLEY,1
12/02/2005,LIKE TOY SOLDIERS,EMINEM,1
19/02/2005,SOMETIMES YOU CAN'T MAKE IT ON YOUR OWN,U2,1
26/02/2005,GET RIGHT,JENNIFER LOPEZ,1
05/03/2005,OVER AND OVER,NELLY FEAT. TIM MCGRAW,1
12/03/2005,DAKOTA,STEREOPHONICS,1
19/03/2005,ALL ABOUT YOU/YOU'VE GOT A FRIEND,MCFLY,1
26/03/2005,(IS THIS THE WAY TO) AMARILLO?,TONY CHRISTIE FEAT. PETER KAY,7
14/05/2005,LONELY,AKON,2
28/05/2005,LYLA,OASIS,1
04/06/2005,AXEL F,CRAZY FROG,4
02/07/2005,GHETTO GOSPEL,2PAC FEAT. ELTON JOHN,3
23/07/2005,YOU'RE BEAUTIFUL,JAMES BLUNT,5
27/08/2005,I'LL BE OK,McFLY,1
03/09/2005,THE IMPORTANCE OF BEING IDLE,OASIS,1
10/09/2005,DARE,GORILLAZ,1
17/09/2005,DON'T CHA,PUSSYCAT DOLLS FEAT. BUSTA RHYMES,3
08/10/2005,PUSH THE BUTTON,SUGABABES,3
29/10/2005,I BET YOU LOOK GOOD ON THE DANCEFLOOR,ARCTIC MONKEYS,1
12/11/2005,YOU RAISE ME UP,WESTLIFE,2
19/11/2005,HUNG UP,MADONNA,3
10/12/2005,STICKWITU,PUSSYCAT DOLLS,2
24/12/2005,JCB SONG,NIZLOPI,1
31/12/2005,THAT'S MY GOAL,SHAYNE WARD,4
28/01/2006,WHEN THE SUN GOES DOWN,ARCTIC MONKEYS,1
04/02/2006,NASTY GIRL,NOTORIOUS BIG FEAT. DIDDY, NELLY, JAGGED EDGE & AVERY STORM,2
18/02/2006,THUNDER IN MY HEART AGAIN,MECK FEAT. LEO SAYER,2
04/03/2006,SORRY,MADONNA,1
11/03/2006,IT'S CHICO TIME,CHICO,2
25/03/2006,NO TOMORROW,ORSON,1
01/04/2006,SO SICK,NE-YO,1
08/04/2006,CRAZY,GNARLS BARKLEY,9
10/06/2006,I WISH I WAS A PUNK ROCKER (WITH FLOWERS IN MY HAIR),SANDI THOM,1
17/06/2006,MANEATER,NELLY FURTADO,3
08/07/2006,HIPS DON'T LIE,SHAKIRA FEAT. WYCLEF JEAN,1
15/07/2006,SMILE,LILY ALLEN,2
29/07/2006,DON'T STOP ME NOW/PLEASE, PLEASE,McFLY,1
05/08/2006,HIPS DON'T LIE,SHAKIRA FEAT. WYCLEF JEAN,4
02/09/2006,DÉJÀ VU,BEYONCE FEAT. JAY-Z,1
09/09/2006,SEXYBACK,JUSTIN TIMBERLAKE,1
16/09/2006,I DON'T FEEL LIKE DANCIN',SCISSOR SISTERS,4
14/10/2006,AMERICA,RAZORLIGHT,1
21/10/2006,WELCOME TO THE BLACK PARADE,MY CHEMICAL ROMANCE,2
04/11/2006,STAR GIRL,McFLY,1
11/11/2006,PUT YOUR HANDS UP FOR DETROIT,FEDDE LE GRANDE,1
18/11/2006,THE ROSE,WESTLIFE,1
25/11/2006,SMACK THAT,AKON FEAT. EMINEM,1
02/12/2006,PATIENCE,TAKE THAT,4
30/12/2006,A MOMENT LIKE THIS,LEONA LEWIS,4
27/01/2007,GRACE KELLY,MIKA,5
03/03/2007,RUBY,KAISER CHIEFS,1
10/03/2007,SHINE,TAKE THAT,2
23/03/2007,WALK THIS WAY,SUGABABES VS GIRLS ALOUD,1
31/03/2007,I'M GONNA BE (500 MILES),THE PROCLAIMERS FEAT. BRIAN POTTER & ANDY PIPKIN,3
21/04/2007,GIVE IT TO ME,TIMBALAND FEAT. NELLY FURTADO & JUSTIN TIMBERLAKE,1
28/04/2007,BEAUTIFUL LIAR,BEYONCE & SHAKIRA,3
19/05/2007,BABY'S COMING BACK/TRANSYLVANIA,McFLY,1
26/05/2007,UMBRELLA,RIHANNA FEAT. JAY-Z,10
04/08/2007,THE WAY I ARE,TIMBALAND FEAT. DOE & KERI HILSON,2
18/08/2007,WITH EVERY HEARTBEAT,ROBYN WITH KLEERUP,1
25/08/2007,STRONGER,KANYE WEST,2
08/09/2007,BEAUTIFUL GIRLS,SEAN KINGSTON,4
06/10/2007,ABOUT YOU NOW,SUGABABES,4
03/11/2007,BLEEDING LOVE,LEONA LEWIS,7
22/12/2007,WHAT A WONDERFUL WORLD,EVA CASSIDY & KATIE MELUA,1
29/12/2007,WHEN YOU BELIEVE,LEON JACKSON,3
19/01/2008,NOW YOU'RE GONE,BASSHUNTER FT DJ MENTAL THEO'S BAZZHEADZ,5
23/02/2008,MERCY,DUFFY,5
29/03/2008,AMERICAN BOY,ESTELLE FEAT. KANYE WEST,4
26/04/2008,4 MINUTES,MADONNA FEAT. JUSTIN TIMBERLAKE,4
24/05/2008,THAT'S NOT MY NAME,TING TINGS,1
31/05/2008,TAKE A BOW,RIHANNA,2
14/06/2008,SINGIN' IN THE RAIN,MINT ROYALE,2
28/06/2008,VIVA LA VIDA,COLDPLAY,1
05/07/2008,CLOSER,NE-YO,1
12/07/2008,DANCE WIV ME,DIZZEE RASCAL FEAT. CALVIN HARRIS & CHROME,4
09/08/2008,ALL SUMMER LONG,KID ROCK,1
16/08/2008,I KISSED A GIRL,KATY PERRY,5
20/09/2008,SEX ON FIRE,KINGS OF LEON,3
11/10/2008,SO WHAT,PINK,3
01/11/2008,THE PROMISE,GIRLS ALOUD,1
08/11/2008,HERO,X FACTOR FINALISTS,3
29/11/2008,IF I WERE A BOY,BEYONCE,1
06/12/2008,GREATEST DAY,TAKE THAT,1
13/12/2008,RUN,LEONA LEWIS,2
27/12/2008,HALLELUJAH,ALEXANDRA BURKE,3
17/01/2009,JUST DANCE,LADY GAGA,3
07/02/2009,THE FEAR,LILY ALLEN,4
07/03/2009,MY LIFE WOULD SUCK WITHOUT YOU,KELLY CLARKSON,1
14/03/2009,RIGHT ROUND,FLO RIDA,1
21/03/2009,ISLANDS IN THE STREAM,VANESSA JENKINS & BRYN WEST FEAT. TOM JONES & ROBIN GIBB,1
28/03/2009,POKER FACE,LADY GAGA,3
18/04/2009,I'M NOT ALONE,CALVIN HARRIS,2
02/05/2009,NUMBER 1,TINCHY STRYDER FEAT. N-DUBZ,3
23/05/2009,BOOM BOOM POW,BLACK EYED PEAS,1
30/05/2009,BONKERS,DIZZEE RASCAL FEAT. ARMAND VAN HELDEN,2
13/06/2009,BOOM BOOM POW,BLACK EYED PEAS,1
20/06/2009,MAMA DO,PIXIE LOTT,1
27/06/2009,WHEN LOVE TAKES OVER,DAVID GUETTA FEAT. KELLY ROWLAND,1
04/07/2009,BULLETPROOF,LA ROUX,1
11/07/2009,EVACUATE THE DANCEFLOOR,CASCADA,2
25/07/2009,BEAT AGAIN,JLS,2
08/08/2009,I GOTTA FEELING,BLACK EYED PEAS,1
15/08/2009,NEVER LEAVE YOU,TINCHY STRYDER FEAT. AMELLE BERRABAH,1
22/08/2009,I GOTTA FEELING,BLACK EYED PEAS,1
29/08/2009,SEXY CHICK,DAVID GUETTA FEAT. AKON,1
05/09/2009,HOLIDAY,DIZZEE RASCAL FEAT. CHROME,1
12/09/2009,RUN THIS TOWN,JAY-Z FEAT. RIHANNA & KANYE WEST,1
19/09/2009,BOYS AND GIRLS,PIXIE LOTT,1
26/09/2009,BREAK YOUR HEART,TAIO CRUZ,3
17/10/2009,OOPSY DAISY,CHIPMUNK,1
24/10/2009,BAD BOYS,ALEXANDRA BURKE FEAT. FLO RIDA,1
31/10/2009,FIGHT FOR THIS LOVE,CHERYL COLE,2
14/11/2009,EVERYBODY IN LOVE,JLS,1
21/11/2009,MEET ME HALFWAY,BLACK EYED PEAS,1
28/11/2009,YOU ARE NOT ALONE,X FACTOR FINALISTS 2009,1
05/12/2009,THE OFFICIAL BBC CHILDREN IN NEED MEDLEY,PETER KAY'S ANIMATED ALL STAR,2
19/12/2009,BAD ROMANCE,LADY GAGA,1
26/12/2009,KILLING IN THE NAME,RAGE AGAINST THE MACHINE,1
02/01/2010,THE CLIMB,JOE McELDERRY,1
09/01/2010,BAD ROMANCE,LADY GAGA,1
16/01/2010,REPLAY,IYAZ,2
30/01/2010,FIREFLIES,OWL CITY,3
20/02/2010,EVERYBODY HURTS,HELPING HAITI,2
06/03/2010,IN MY HEAD,JASON DERULO,1
13/03/2010,PASS OUT,TINIE TEMPAH,2
27/03/2010,TELEPHONE,LADY GAGA & BEYONCE,2
10/04/2010,THIS AIN'T A LOVE SONG,SCOUTING FOR GIRLS,2
24/04/2010,OMG,USHER FT WILL I AM,1
01/05/2010,ONCE,DIANA VICKERS,1
08/05/2010,GOOD TIMES,ROLL DEEP,3
29/05/2010,NOTHIN' ON YOU,BOB FT BRUNO MARS,1
05/06/2010,DIRTEE DISCO,DIZZEE RASCAL,1
12/06/2010,GETTIN' OVER YOU,DAVID GUETTA FT CHRIS WILLIS,1
19/06/2010,SHOUT,SHOUT FT DIZZEE & JAMES CORDEN,2
03/07/2010,CALIFORNIA GURLS,KATY PERRY FT SNOOP DOGG,2
17/07/2010,THE CLUB IS ALIVE,JLS,1
24/07/2010,AIRPLANES,BOB FT HAYLEY WILLIAMS,1
31/07/2010,WE NO SPEAK AMERICANO,YOLANDA BE COOL VS D CUP,1
07/08/2010,ALL TIME LOW,WANTED,1
14/08/2010,BEAUTIFUL MONSTER,NEYO,1
21/08/2010,CLUB CAN'T HANDLE ME,FLO RIDA FT DAVID GUETTA,1
28/08/2010,GREEN LIGHT,ROLL DEEP,1
04/09/2010,DYNAMITE,TAIO CRUZ,1
11/09/2010,PLEASE DON'T LET ME GO,OLLY MURS,1
18/09/2010,START WITHOUT YOU,ALEXANDRA BURKE FT LAZA MORGAN,2
02/10/2010,JUST THE WAY YOU ARE (AMAZING),BRUNO MARS,1
09/10/2010,WRITTEN IN THE STARS,TINIE TEMPAH,1
16/10/2010,FORGET YOU,CEE LO GREEN,2
30/10/2010,JUST THE WAY YOU ARE (AMAZING),BRUNO MARS,1
06/11/2010,PROMISE THIS,CHERYL COLE,1
13/11/2010,ONLY GIRL (IN THE WORLD),RIHANNA,2
27/11/2010,LOVE YOU MORE,JLS,1
04/12/2010,HEROES,X FACTOR FINALISTS 2010,2
18/12/2010,THE TIME (DIRTY BIT),BLACK EYED PEAS,1
25/12/2010,WHEN WE COLLIDE,MATT CARDLE,3
15/01/2011,WHAT'S MY NAME,RIHANNA FT DRAKE,1
22/01/2011,GRENADE,BRUNO MARS,2
05/02/2011,WE R WHO WE R,KESHA,1
12/02/2011,PRICE TAG,JESSIE J FT BOB,2
26/02/2011,SOMEONE LIKE YOU,ADELE,4
26/03/2011,DON'T HOLD YOUR BREATH,NICOLE SCHERZINGER,1
02/04/2011,SOMEONE LIKE YOU,ADELE,1
09/04/2011,ON THE FLOOR,JENNIFER LOPEZ FT PITBULL,2
23/04/2011,PARTY ROCK ANTHEM,LMFAO/LAUREN BENNETT/GOONROCK,4
21/05/2011,THE LAZY SONG,BRUNO MARS,1
28/05/2011,GIVE ME EVERYTHING,PITBULL/NE-YO/AFROJACK/NAYER,3
18/06/2011,CHANGED THE WAY YOU KISS ME,EXAMPLE,2
02/07/2011,DON'T WANNA GO HOME,JASON DERULO,2
16/07/2011,LOUDER,DJ FRESH FT SIAN EVANS,1
23/07/2011,GLAD YOU CAME,WANTED,2
06/08/2011,SHE MAKES ME WANNA,JLS FT DEV,1
13/08/2011,SWAGGER JAGGER,CHER LLOYD,1
20/08/2011,PROMISES,NERO,1
27/08/2011,DON'T GO,WRETCH 32 FT JOSH KUMRA,1
03/09/2011,HEART SKIPS A BEAT,OLLY MURS FT RIZZLE KICKS,1
10/09/2011,STAY AWAKE,EXAMPLE,1
17/09/2011,ALL ABOUT TONIGHT,PIXIE LOTT,1
24/09/2011,WHAT MAKES YOU BEAUTIFUL,ONE DIRECTION,1
01/10/2011,NO REGRETS,DAPPY,1
08/10/2011,LOCA PEOPLE,SAK NOEL,1
15/10/2011,WE FOUND LOVE,RIHANNA FT CALVIN HARRIS,3
05/11/2011,READ ALL ABOUT IT,PROFESSOR GREEN FT EMELI SANDE,2
19/11/2011,WE FOUND LOVE,RIHANNA FT CALVIN HARRIS,3
10/12/2011,WISHING ON A STAR,X FACTOR FINALISTS 2011,1
17/12/2011,DANCE WITH ME TONIGHT,OLLY MURS,1
24/12/2011,CANNONBALL,LITTLE MIX,1
31/12/2011,WHEREVER YOU ARE,MILITARY WIVES/GARETH MALONE,1
07/01/2012,PARADISE,COLDPLAY,1
14/01/2012,GOOD FEELING,FLO RIDA,1
21/01/2012,DOMINO,JESSIE J,2
04/02/2012,TWILIGHT,COVER DRIVE,1
11/02/2012,TITANIUM,DAVID GUETTA FT SIA,1
18/02/2012,SOMEBODY THAT I USED TO KNOW,GOTYE FT KIMBRA,1
25/02/2012,HOT RIGHT NOW,DJ FRESH FT RITA ORA,1
03/03/2012,SOMEBODY THAT I USED TO KNOW,GOTYE FT KIMBRA,4
31/03/2012,PART OF ME,KATY PERRY,1
07/04/2012,TURN UP THE MUSIC,CHRIS BROWN,1
14/04/2012,CALL ME MAYBE,CARLY RAE JEPSEN,4
12/05/2012,YOUNG,TULISA,1
19/05/2012,R.I.P.,RITA ORA FT TINIE TEMPAH,2
02/06/2012,WE ARE YOUNG,FUN FT JANELLE MONAE,1
09/06/2012,FEEL THE LOVE,RUDIMENTAL FT JOHN NEWMAN,1
16/06/2012,SING,GARY BARLOW/ COMMONWEALTH BAND,1
23/06/2012,CALL MY NAME,CHERYL,1
30/06/2012,PAYPHONE,MAROON 5 FT WIZ KHALIFA,1
07/07/2012,THIS IS LOVE,WILL I AM FT EVA SIMONS,1
14/07/2012,PAYPHONE,MAROON 5 FT WIZ KHALIFA,2
04/08/2012,SPECTRUM,FLORENCE & THE MACHINE,3
18/08/2012,HEATWAVE,WILEY FT MS D,2
25/08/2012,HOW WE DO (PARTY),RITA ORA,1
01/09/2012,BOM BOM,SAM & THE WOMP,1
08/09/2012,WINGS,LITTLE MIX,1
15/09/2012,LET ME LOVE YOU (UNTIL YOU LEARN TO LOVE),NE-YO,1
22/09/2012,HALL OF FAME,SCRIPT FT WILL I AM,2
06/10/2012,GANGNAM STYLE,PSY,1
13/10/2012,DIAMONDS,RIHANNA,1
20/10/2012,DON'T YOU WORRY CHILD,SWEDISH HOUSE MAFIA/MARTIN,1
27/10/2012,SWEET NOTHING,CALVIN HARRIS/FLORENCE WELCH,1
03/11/2012,BENEATH YOUR BEAUTIFUL,LABRINTH FT EMELI SANDE,1
10/11/2012,CANDY,ROBBIE WILLIAMS,2
24/11/2012,LITTLE THINGS,ONE DIRECTION,1
01/12/2012,TROUBLEMAKER,OLLY MURS FT FLO RIDA,2
08/12/2012,THE POWER OF LOVE,GABRIELLE APLIN,1
15/12/2012,IMPOSSIBLE,JAMES ARTHUR,1
22/12/2012,HE AIN'T HEAVY HE'S MY BROTHER,JUSTICE COLLECTIVE,1
29/12/2012,IMPOSSIBLE,JAMES ARTHUR,3
19/01/2013,SCREAM & SHOUT,WILL I AM FT BRITNEY SPEARS,2
02/02/2013,GET UP (RATTLE),BINGO PLAYERS FT FAR EAST,2
16/02/2013,THRIFT SHOP,MACKLEMORE/RYAN LEWIS/WANZ,1
23/02/2013,I COULD BE THE ONE,AVICII VS NICKY ROMERO,1
02/03/2013,ONE WAY OR ANOTHER (TEENAGE KICKS),ONE DIRECTION,1
09/03/2013,MIRRORS,JUSTIN TIMBERLAKE,3
30/03/2013,WHAT ABOUT US,SATURDAYS FT SEAN PAUL,1
06/04/2013,LET'S GET READY TO RHUMBLE,PJ & DUNCAN,1
13/04/2013,NEED U (100 PERCENT),DUKE DUMONT FT AME,2
27/04/2013,WAITING ALL NIGHT,RUDIMENTAL FT ELLA EYRE,1
04/05/2013,GET LUCKY,DAFT PUNK FT PHARRELL WILLIAMS,4
01/06/2013,LA LA LA,NAUGHTY BOY FT SAM SMITH,1
08/06/2013,BLURRED LINES,ROBIN THICKE/TI/PHARRELL,4
06/07/2013,I LOVE IT,ICONA POP FT CHARLI XCX,1
13/07/2013,LOVE ME AGAIN,JOHN NEWMAN,1
20/07/2013,BLURRED LINES,ROBIN THICKE/TI/PHARRELL,1
27/07/2013,WAKE ME UP,AVICII,3
17/08/2013,WE CAN'T STOP,MILEY CYRUS,1
24/08/2013,BURN,ELLIE GOULDING,3
14/09/2013,ROAR,KATY PERRY,2
28/09/2013,TALK DIRTY,JASON DERULO FT 2 CHAINZ,2
12/10/2013,COUNTING STARS,ONEREPUBLIC,1
19/10/2013,WRECKING BALL,MILEY CYRUS,1
26/10/2013,COUNTING STARS,ONEREPUBLIC,1
02/11/2013,ROYALS,LORDE,1
09/11/2013,THE MONSTER,EMINEM FT RIHANNA,1
16/11/2013,LOOK RIGHT THROUGH,STORM QUEEN,1
23/11/2013,ANIMALS,MARTIN GARRIX,1
30/11/2013,SOMEWHERE ONLY WE KNOW,LILY ALLEN,1
07/12/2013,UNDER CONTROL,CALVIN HARRIS/ALESSO/HURTS,1
14/12/2013,SOMEWHERE ONLY WE KNOW,LILY ALLEN,2
28/12/2013,SKYSCRAPER,SAM BAILEY,1
04/01/2014,HAPPY,PHARRELL WILLIAMS,1
11/01/2014,TIMBER,PITBULL FT KESHA,1
18/01/2014,HAPPY,PHARRELL WILLIAMS,2
01/02/2014,RATHER BE,CLEAN BANDIT FT JESS GLYNNE,4
01/03/2014,MONEY ON MY MIND,SAM SMITH,1
08/03/2014,HAPPY,PHARRELL WILLIAMS,1
15/03/2014,MY LOVE,ROUTE 94 FT JESS GLYNNE,1
22/03/2014,TSUNAMI (JUMP),DVBBS & BORGEOUS/TINIE TEMPAH,1
29/03/2014,I GOT U,DUKE DUMONT FT JAX JONES,1
05/04/2014,SHE LOOKS SO PERFECT,5 SECONDS OF SUMMER,1
12/04/2014,THE MAN,ALOE BLACC,1
19/04/2014,NOBODY TO LOVE,SIGMA,1
26/04/2014,HIDEAWAY,KIESZA,1
03/05/2014,WAVES,MR PROBZ,1
10/05/2014,SUMMER,CALVIN HARRIS,1
17/05/2014,WAVES,MR PROBZ,1
24/05/2014,I WILL NEVER LET YOU DOWN,RITA ORA,1
31/05/2014,STAY WITH ME,SAM SMITH,1
07/06/2014,I WANNA FEEL,SECONDCITY,1
14/06/2014,SING,ED SHEERAN,1
21/06/2014,GHOST,ELLA HENDERSON,2
05/07/2014,GECKO (OVERDRIVE),OLIVER HELDENS & BECKY HILL,1
12/07/2014,PROBLEM,ARIANA GRANDE FT IGGY AZALEA,1
19/07/2014,IT'S MY BIRTHDAY,WILL I AM FT CODY WISE,1
26/07/2014,ME AND MY BROKEN HEART,RIXTON,1
02/08/2014,CRAZY STUPID LOVE,CHERYL COLE FT TINIE TEMPAH,1
09/08/2014,RUDE,MAGIC,1
16/08/2014,AM I WRONG,NICO & VINZ,2
30/08/2014,LOVERS ON THE SUN,DAVID GUETTA FT SAM MARTIN,1
06/09/2014,PRAYER IN C,LILLY WOOD & ROBIN SCHULZ,2
20/09/2014,BLAME,CALVIN HARRIS FT JOHN NEWMAN,1
27/09/2014,CHANGING,SIGMA FT PALOMA FAITH,1
04/10/2014,BANG BANG,JESSIE J/GRANDE/MINAJ,1
11/10/2014,ALL ABOUT THAT BASS,MEGHAN TRAINOR,4
08/11/2014,THINKING OUT LOUD,ED SHEERAN,1
15/11/2014,I DON'T CARE,CHERYL,1
22/11/2014,WAKE ME UP,GARETH MALONE'S ALL STAR CHOIR,1
29/11/2014,DO THEY KNOW IT'S CHRISTMAS,BAND AID 30,1
06/12/2014,THESE DAYS,TAKE THAT,1
13/12/2014,THINKING OUT LOUD,ED SHEERAN,1
20/12/2014,UPTOWN FUNK,MARK RONSON FT BRUNO MARS,1
27/12/2014,SOMETHING I NEED,BEN HAENOW,1
03/01/2015,UPTOWN FUNK,MARK RONSON FT BRUNO MARS,6
14/02/2015,LOVE ME LIKE YOU DO,ELLIE GOULDING,4
14/03/2015,KING,YEARS & YEARS,1
21/03/2015,LAY ME DOWN,SAM SMITH FT JOHN LEGEND,2
04/04/2015,HOLD MY HAND,JESS GLYNNE,3
25/04/2015,SEE YOU AGAIN,WIZ KHALIFA FT CHARLIE PUTH,2
09/05/2015,CHEERLEADER (FELIX JAEHN REMIX),OMI,4
06/06/2015,WANT TO WANT ME,JASON DERULO,4
04/07/2015,NOT LETTING GO,TINIE TEMPAH FT JESS GLYNNE,1
09/07/2015,ARE YOU WITH ME,LOST FREQUENCIES,1
16/07/2015,HOUSE EVERY WEEKEND,DAVID ZOWIE,1
23/07/2015,BLACK MAGIC,LITTLE MIX,3
13/08/2015,DRAG ME DOWN,ONE DIRECTION,1
20/08/2015,MARVIN GAYE,CHARLIE PUTH FT MEGHAN TRAINOR,1
27/08/2015,DON'T BE SO HARD ON YOURSELF,JESS GLYNNE,1
03/09/2015,FIGHT SONG,RACHEL PLATTEN,1
10/09/2015,WHAT DO YOU MEAN?,JUSTIN BIEBER,1
17/09/2015,EASY LOVE,SIGALA,1
24/09/2015,WHAT DO YOU MEAN?,JUSTIN BIEBER,2
08/10/2015,WRITING'S ON THE WALL,SAM SMITH,1
15/10/2015,WHAT DO YOU MEAN,JUSTIN BIEBER,2
29/10/2015,TURN THE MUSIC LOUDER (RUMBLE),KDA FT TINIE TEMPAH & KATY B,1
19/11/2015,HELLO,ADELE,3
26/11/2015,SORRY,JUSTIN BIEBER,2
10/12/2015,LOVE YOURSELF,JUSTIN BIEBER,3
31/12/2015,A BRIDGE OVER YOU,THE LEWISHAM & GREENWICH NHS CHOIR,1
07/01/2016,LOVE YOURSELF,JUSTIN BIEBER,3
21/01/2016,STITCHES,SHAWN MENDES,2
11/02/2016,PILLOWTALK,ZAYN,1
18/02/2016,7 YEARS,LUKAS GRAHAM,5
17/03/2016,I TOOK A PILL IN IBIZA,MIKE POSNER,4
21/04/2016,ONE DANCE,DRAKE FT WIZKID & KYLA,15
04/08/2016,COLD WATER,MAJOR LAZER FT JUSTIN BIEBER & MØ,5
08/09/2016,CLOSER,THE CHAINSMOKERS FT HALSEY,4
06/10/2016,SAY YOU WON'T LET GO,JAMES ARTHUR,3
27/10/2016,SHOUT OUT TO MY EX,LITTLE MIX,3
17/11/2016,ROCKABYE,CLEAN BANDIT ,9
19/01/2017,SHAPE OF YOU,ED SHEERAN,13
20/04/2017,SIGN OF THE TIMES,HARRY STYLES,1
27/04/2017,SHAPE OF YOU,ED SHEERAN,1
04/05/2017,SYMPHONY,CLEAN BANDIT FEAT ZARA LARSSON,1
